date,word,pos,pronunciation,difficulty,definition,explanation,example,memory,quiz,answer,prompt
2026-01-01,Vivid,adjective,VIV-id,easy,"bright, clear, or full of life","Vivid words, colors, or memories feel strong and easy to picture.",The poem used vivid details that made the street feel alive.,Vivid writing makes a picture feel visible.,What kind of details help readers picture a scene?,Vivid details.,Ask students to add two vivid details to a dull sentence on the board.
2026-01-02,Lucid,adjective,LOO-sid,medium,clear and easy to understand,"A lucid idea, sentence, or explanation is clear enough that people can follow it without confusion.",Her lucid summary helped the whole class understand the difficult chapter.,Think of a clear light switching on: lucid writing lights up the meaning.,Which sentence uses lucid correctly?,Correct use: The teacher gave a lucid explanation of the problem.,Give students 60 seconds to rewrite a confusing sentence from today's lesson so it is lucid.
2026-01-03,Resilient,adjective,ri-ZIL-yuhnt,medium,able to recover after difficulty or change,"A resilient person, plan, or material can handle pressure and keep going.",The resilient team adjusted quickly after the first idea failed.,Resilient sounds like returning to shape after being bent.,"If someone stays calm and recovers after a setback, what are they?",They are resilient.,Ask students to describe a time they were resilient in one sentence.
2026-01-04,Nuance,noun,NOO-ahns,hard,"a small but important difference in meaning, feeling, or expression",Nuance helps you notice the fine details that make two similar ideas not exactly the same.,The actor captured every nuance of the character's nervous smile.,Nuance is the tiny shade of meaning between almost-matching ideas.,What does nuance add to an idea?,"It adds a small, subtle difference in meaning or feeling.",Have students compare two similar words and name one nuance that separates them.
2026-01-05,Cordial,adjective,KOR-juhl,medium,"warm, friendly, and polite",A cordial greeting is friendly without being overly familiar.,The two neighbors exchanged a cordial hello each morning.,Cordial sounds connected to the heart: friendly and warm.,What is a cordial greeting like?,"It is warm, friendly, and polite.",Ask students to write a cordial two-sentence email to a classmate.
2026-01-06,Curious,adjective,KYUR-ee-uhs,easy,wanting to know or learn more,A curious mind asks questions and looks for patterns.,The curious student stayed after class to ask how the machine worked.,Curious starts with a question.,What does a curious person like to do?,Ask questions and learn more.,Ask each student to write one curious question about today's topic.
2026-01-07,Concise,adjective,kuhn-SYSE,medium,using few words while still being clear,Concise writing removes extra words but keeps the meaning.,"The instructions were concise, so everyone knew what to do.",Concise means clear and compact.,Is concise writing long-winded or brief?,Brief.,Give students a wordy sentence and 60 seconds to make it concise.
2026-01-08,Pragmatic,adjective,prag-MAT-ik,hard,focused on practical results rather than theory,"A pragmatic choice may not be perfect, but it works in real life.",They made a pragmatic decision to fix the old laptop instead of buying a new one.,"Pragmatic people ask, ""What will actually work?""",Is a pragmatic solution more practical or more imaginary?,More practical.,Give students a messy classroom problem and ask for one pragmatic fix in a sentence.
2026-01-09,Abate,verb,a-BATE,medium,to lessen or reduce in force or intensity,Abate is a verb meaning to lessen or reduce in force or intensity. Use it when that meaning is exactly what you need in writing or speech.,"The storm began to abate just before sunrise, leaving the streets quiet.",from Old French abattre — to beat down,"What does ""abate"" mean?",To lessen or reduce in force or intensity.,"Give students 60 seconds to use ""abate"" in an original sentence that shows it means ""to lessen or reduce in force or intensity""."
2026-01-10,Adapt,verb,uh-DAPT,easy,to change so something works in a new situation,"When you adapt, you adjust your behavior, plan, or tool to fit new conditions.",We had to adapt the lesson for a younger class.,Adapt means adjust.,"If plans change and you adjust, what do you do?",You adapt.,Ask students how they would adapt a playground game for a rainy day.
2026-01-11,Adversity,noun,ad-ver-si-TY,easy,a difficult or unlucky situation,Adversity is a noun meaning a difficult or unlucky situation. Use it when that meaning is exactly what you need in writing or speech.,Great leaders are often shaped by the adversity they face early on.,from adversus — turned against,"What does ""adversity"" mean?",A difficult or unlucky situation.,"Give students 60 seconds to use ""adversity"" in an original sentence that shows it means ""a difficult or unlucky situation""."
2026-01-12,Abhor,verb,ab-HOR,medium,to hate or detest strongly,Abhor is a verb meaning to hate or detest strongly. Use it when that meaning is exactly what you need in writing or speech.,"Many philosophers abhor cruelty in any form, regardless of motive.",from abhorrere — to shrink back from,"What does ""abhor"" mean?",To hate or detest strongly.,"Give students 60 seconds to use ""abhor"" in an original sentence that shows it means ""to hate or detest strongly""."
2026-01-13,Abstain,verb,ab-STAIN,medium,to choose not to do or take part in something,Abstain is a verb meaning to choose not to do or take part in something. Use it when that meaning is exactly what you need in writing or speech.,Three senators chose to abstain from the controversial vote.,from abstinere — to hold back,"What does ""abstain"" mean?",To choose not to do or take part in something.,"Give students 60 seconds to use ""abstain"" in an original sentence that shows it means ""to choose not to do or take part in something""."
2026-01-14,Meticulous,adjective,muh-TIK-yuh-luhs,hard,very careful and attentive to detail,"Meticulous work is done with patience, precision, and close attention.",The editor made meticulous notes on every paragraph.,Meticulous means tiny details matter.,Would a meticulous person rush through a task?,No. A meticulous person works carefully.,Have students spend 60 seconds making one sentence more meticulous by adding a precise detail.
2026-01-15,Acrid,adjective,ac-RID,medium,sharp and bitter in smell or taste,Acrid is a adjective meaning sharp and bitter in smell or taste. Use it when that meaning is exactly what you need in writing or speech.,An acrid smoke filled the lab after the experiment failed.,from acer — sharp,"What does ""acrid"" mean?",Sharp and bitter in smell or taste.,"Give students 60 seconds to use ""acrid"" in an original sentence that shows it means ""sharp and bitter in smell or taste""."
2026-01-16,Affluent,adjective,af-flu-ENT,easy,having plenty of money or wealth,Affluent is a adjective meaning having plenty of money or wealth. Use it when that meaning is exactly what you need in writing or speech.,The affluent neighborhood funded its own private security patrol.,from affluere — to flow toward,"What does ""affluent"" mean?",Having plenty of money or wealth.,"Give students 60 seconds to use ""affluent"" in an original sentence that shows it means ""having plenty of money or wealth""."
2026-01-17,Adamant,adjective,ad-a-MANT,medium,refusing to change one's mind,Adamant is a adjective meaning refusing to change one's mind. Use it when that meaning is exactly what you need in writing or speech.,The judge was adamant that the trial would start on time.,from adamas — untamable,"What does ""adamant"" mean?",Refusing to change one's mind.,"Give students 60 seconds to use ""adamant"" in an original sentence that shows it means ""refusing to change one's mind""."
2026-01-18,Tenacious,adjective,tuh-NAY-shuhs,hard,not giving up easily,"A tenacious person keeps holding on to a goal, even when it is difficult.",Her tenacious research finally uncovered the missing records.,Tenacious means you hold tight to the task.,What word describes someone who keeps trying?,Tenacious.,Students write one sentence about a tenacious person from history or sports.
2026-01-19,Admonish,verb,ad-mon-ISH,medium,to warn or scold gently but seriously,Admonish is a verb meaning to warn or scold gently but seriously. Use it when that meaning is exactly what you need in writing or speech.,The coach took a moment to admonish the team for sloppy passing.,from admonere — to advise,"What does ""admonish"" mean?",To warn or scold gently but seriously.,"Give students 60 seconds to use ""admonish"" in an original sentence that shows it means ""to warn or scold gently but seriously""."
2026-01-20,Ambiguous,adjective,am-big-u-OUS,easy,having more than one possible meaning,Ambiguous is a adjective meaning having more than one possible meaning. Use it when that meaning is exactly what you need in writing or speech.,The contract used ambiguous wording that led to a lawsuit.,from ambigere — to wander about,"What does ""ambiguous"" mean?",Having more than one possible meaning.,"Give students 60 seconds to use ""ambiguous"" in an original sentence that shows it means ""having more than one possible meaning""."
2026-01-21,Amiable,adjective,a-mi-a-BLE,easy,having a friendly and pleasant manner,Amiable is a adjective meaning having a friendly and pleasant manner. Use it when that meaning is exactly what you need in writing or speech.,Their amiable conversation eased the tension at the meeting.,from amicus — friend,"What does ""amiable"" mean?",Having a friendly and pleasant manner.,"Give students 60 seconds to use ""amiable"" in an original sentence that shows it means ""having a friendly and pleasant manner""."
2026-01-22,Aesthetic,adjective,aes-thet-IC,medium,relating to beauty or what is pleasing to look at,Aesthetic is a adjective meaning relating to beauty or what is pleasing to look at. Use it when that meaning is exactly what you need in writing or speech.,The architect cared about both function and aesthetic appeal.,from aisthetikos — sensitive,"What does ""aesthetic"" mean?",Relating to beauty or what is pleasing to look at.,"Give students 60 seconds to use ""aesthetic"" in an original sentence that shows it means ""relating to beauty or what is pleasing to look at""."
2026-01-23,Affable,adjective,af-fa-BLE,medium,friendly and easy to talk to,Affable is a adjective meaning friendly and easy to talk to. Use it when that meaning is exactly what you need in writing or speech.,"The new manager was affable, which helped him win over the staff.",from affari — to speak to,"What does ""affable"" mean?",Friendly and easy to talk to.,"Give students 60 seconds to use ""affable"" in an original sentence that shows it means ""friendly and easy to talk to""."
2026-01-24,Eloquent,adjective,EL-uh-kwuhnt,hard,expressing ideas clearly and beautifully,"An eloquent speaker or writer uses language in a graceful, effective way.",Her eloquent speech made the audience feel hopeful.,Eloquent expression sounds elegant and clear.,What does an eloquent speaker do well?,Express ideas clearly and beautifully.,"Students rewrite a flat opinion so it sounds more eloquent, without adding fluff."
2026-01-25,Alleviate,verb,al-le-vi-ATE,medium,to make something less severe or painful,Alleviate is a verb meaning to make something less severe or painful. Use it when that meaning is exactly what you need in writing or speech.,The new program was designed to alleviate hunger in rural counties.,from levis — light,"What does ""alleviate"" mean?",To make something less severe or painful.,"Give students 60 seconds to use ""alleviate"" in an original sentence that shows it means ""to make something less severe or painful""."
2026-01-26,Apathy,noun,ap-a-THY,easy,"a lack of interest, emotion, or concern","Apathy is a noun meaning a lack of interest, emotion, or concern. Use it when that meaning is exactly what you need in writing or speech.",Voter apathy was blamed for the low turnout in the local election.,from apatheia — without feeling,"What does ""apathy"" mean?","A lack of interest, emotion, or concern.","Give students 60 seconds to use ""apathy"" in an original sentence that shows it means ""a lack of interest, emotion, or concern""."
2026-01-27,Ambivalent,adjective,am-biv-a-LENT,medium,having mixed or conflicting feelings,Ambivalent is a adjective meaning having mixed or conflicting feelings. Use it when that meaning is exactly what you need in writing or speech.,She felt ambivalent about leaving her hometown for college.,from ambo — both,"What does ""ambivalent"" mean?",Having mixed or conflicting feelings.,"Give students 60 seconds to use ""ambivalent"" in an original sentence that shows it means ""having mixed or conflicting feelings""."
2026-01-28,Aberration,noun,ab-er-ra-TION,hard,something that strays from the normal or expected,Aberration is a noun meaning something that strays from the normal or expected. Use it when that meaning is exactly what you need in writing or speech.,His outburst was an aberration in an otherwise calm career.,from aberrare — to wander away,"What does ""aberration"" mean?",Something that strays from the normal or expected.,"Give students 60 seconds to use ""aberration"" in an original sentence that shows it means ""something that strays from the normal or expected""."
2026-01-29,Analogous,adjective,a-nal-o-GOUS,medium,similar in a way that allows comparison,Analogous is a adjective meaning similar in a way that allows comparison. Use it when that meaning is exactly what you need in writing or speech.,The heart is often described as analogous to a pump.,from analogos — proportionate,"What does ""analogous"" mean?",Similar in a way that allows comparison.,"Give students 60 seconds to use ""analogous"" in an original sentence that shows it means ""similar in a way that allows comparison""."
2026-01-30,Apprehensive,adjective,ap-pre-hen-SIVE,easy,worried that something bad might happen,Apprehensive is a adjective meaning worried that something bad might happen. Use it when that meaning is exactly what you need in writing or speech.,She felt apprehensive about giving the keynote speech.,from apprehendere — to seize,"What does ""apprehensive"" mean?",Worried that something bad might happen.,"Give students 60 seconds to use ""apprehensive"" in an original sentence that shows it means ""worried that something bad might happen""."
2026-01-31,Arbitrary,adjective,ar-bi-trar-Y,easy,"based on chance or personal choice, not reason","Arbitrary is a adjective meaning based on chance or personal choice, not reason. Use it when that meaning is exactly what you need in writing or speech.","The deadline felt arbitrary, with no clear reason behind it.",from arbiter — judge,"What does ""arbitrary"" mean?","Based on chance or personal choice, not reason.","Give students 60 seconds to use ""arbitrary"" in an original sentence that shows it means ""based on chance or personal choice, not reason""."
2026-02-01,Anomaly,noun,a-nom-a-LY,medium,something different from the normal pattern,Anomaly is a noun meaning something different from the normal pattern. Use it when that meaning is exactly what you need in writing or speech.,The data point was a clear anomaly the researchers could not explain.,from anomalos — uneven,"What does ""anomaly"" mean?",Something different from the normal pattern.,"Give students 60 seconds to use ""anomaly"" in an original sentence that shows it means ""something different from the normal pattern""."
2026-02-02,Antagonize,verb,an-tag-o-NIZE,medium,to provoke hostility in someone,Antagonize is a verb meaning to provoke hostility in someone. Use it when that meaning is exactly what you need in writing or speech.,He had a habit of antagonizing classmates with sarcastic remarks.,from antagonizesthai — to struggle against,"What does ""antagonize"" mean?",To provoke hostility in someone.,"Give students 60 seconds to use ""antagonize"" in an original sentence that shows it means ""to provoke hostility in someone""."
2026-02-03,Acumen,noun,a-cu-MEN,hard,"keen mental sharpness, especially in practical matters","Acumen is a noun meaning keen mental sharpness, especially in practical matters. Use it when that meaning is exactly what you need in writing or speech.",Her business acumen turned a small bakery into a regional chain.,from acuere — to sharpen,"What does ""acumen"" mean?","Keen mental sharpness, especially in practical matters.","Give students 60 seconds to use ""acumen"" in an original sentence that shows it means ""keen mental sharpness, especially in practical matters""."
2026-02-04,Arduous,adjective,ar-du-OUS,medium,requiring great effort; difficult,Arduous is a adjective meaning requiring great effort; difficult. Use it when that meaning is exactly what you need in writing or speech.,The climb up the ridge proved more arduous than expected.,from arduus — steep,"What does ""arduous"" mean?",Requiring great effort; difficult.,"Give students 60 seconds to use ""arduous"" in an original sentence that shows it means ""requiring great effort; difficult""."
2026-02-05,Articulate,adjective,ar-tic-u-LATE,easy,able to express ideas clearly,Articulate is a adjective meaning able to express ideas clearly. Use it when that meaning is exactly what you need in writing or speech.,She was an articulate speaker even under tough questioning.,from articulus — small joint,"What does ""articulate"" mean?",Able to express ideas clearly.,"Give students 60 seconds to use ""articulate"" in an original sentence that shows it means ""able to express ideas clearly""."
2026-02-06,Ascertain,verb,as-cer-TAIN,medium,to find out or make certain of something,Ascertain is a verb meaning to find out or make certain of something. Use it when that meaning is exactly what you need in writing or speech.,Investigators tried to ascertain the cause of the warehouse fire.,from acertener — to make certain,"What does ""ascertain"" mean?",To find out or make certain of something.,"Give students 60 seconds to use ""ascertain"" in an original sentence that shows it means ""to find out or make certain of something""."
2026-02-07,Adroit,adjective,a-DROIT,hard,"clever and skillful, especially with the hands or mind","Adroit is a adjective meaning clever and skillful, especially with the hands or mind. Use it when that meaning is exactly what you need in writing or speech.",She gave an adroit answer that satisfied both sides of the debate.,from a droit — rightly,"What does ""adroit"" mean?","Clever and skillful, especially with the hands or mind.","Give students 60 seconds to use ""adroit"" in an original sentence that shows it means ""clever and skillful, especially with the hands or mind""."
2026-02-08,Astute,adjective,as-TUTE,medium,shrewd and quick to understand,Astute is a adjective meaning shrewd and quick to understand. Use it when that meaning is exactly what you need in writing or speech.,An astute investor noticed the trend long before others did.,from astutus — cunning,"What does ""astute"" mean?",Shrewd and quick to understand.,"Give students 60 seconds to use ""astute"" in an original sentence that shows it means ""shrewd and quick to understand""."
2026-02-09,Benevolent,adjective,be-nev-o-LENT,easy,kind and wanting to do good,Benevolent is a adjective meaning kind and wanting to do good. Use it when that meaning is exactly what you need in writing or speech.,The benevolent stranger paid for the family's groceries.,from bene + volens — well wishing,"What does ""benevolent"" mean?",Kind and wanting to do good.,"Give students 60 seconds to use ""benevolent"" in an original sentence that shows it means ""kind and wanting to do good""."
2026-02-10,Benign,adjective,be-NIGN,easy,"gentle, kind, or harmless","Benign is a adjective meaning gentle, kind, or harmless. Use it when that meaning is exactly what you need in writing or speech.","The growth turned out to be benign, much to her relief.",from benignus — kind,"What does ""benign"" mean?","Gentle, kind, or harmless.","Give students 60 seconds to use ""benign"" in an original sentence that shows it means ""gentle, kind, or harmless""."
2026-02-11,Audacious,adjective,au-da-CIOUS,medium,willing to take bold risks,Audacious is a adjective meaning willing to take bold risks. Use it when that meaning is exactly what you need in writing or speech.,Her audacious plan to cross the desert alone made headlines.,from audax — bold,"What does ""audacious"" mean?",Willing to take bold risks.,"Give students 60 seconds to use ""audacious"" in an original sentence that shows it means ""willing to take bold risks""."
2026-02-12,Augment,verb,aug-MENT,medium,to make something larger or stronger,Augment is a verb meaning to make something larger or stronger. Use it when that meaning is exactly what you need in writing or speech.,The team hired two engineers to augment their security efforts.,from augere — to increase,"What does ""augment"" mean?",To make something larger or stronger.,"Give students 60 seconds to use ""augment"" in an original sentence that shows it means ""to make something larger or stronger""."
2026-02-13,Adulation,noun,ad-u-la-TION,hard,excessive praise or flattery,Adulation is a noun meaning excessive praise or flattery. Use it when that meaning is exactly what you need in writing or speech.,The young actor was uncomfortable with the adulation from his fans.,from adulari — to fawn upon,"What does ""adulation"" mean?",Excessive praise or flattery.,"Give students 60 seconds to use ""adulation"" in an original sentence that shows it means ""excessive praise or flattery""."
2026-02-14,Austere,adjective,aus-TERE,medium,"strict, plain, and without comfort or decoration","Austere is a adjective meaning strict, plain, and without comfort or decoration. Use it when that meaning is exactly what you need in writing or speech.",The monk's austere room held only a bed and a small lamp.,from austeros — harsh,"What does ""austere"" mean?","Strict, plain, and without comfort or decoration.","Give students 60 seconds to use ""austere"" in an original sentence that shows it means ""strict, plain, and without comfort or decoration""."
2026-02-15,Candid,adjective,can-DID,easy,open and honest,Candid is a adjective meaning open and honest. Use it when that meaning is exactly what you need in writing or speech.,"In a candid interview, the senator admitted past mistakes.","from candidus — white, pure","What does ""candid"" mean?",Open and honest.,"Give students 60 seconds to use ""candid"" in an original sentence that shows it means ""open and honest""."
2026-02-16,Belligerent,adjective,bel-lig-er-ENT,medium,eager to fight or argue,Belligerent is a adjective meaning eager to fight or argue. Use it when that meaning is exactly what you need in writing or speech.,The belligerent customer demanded to see the manager.,from belligerare — to wage war,"What does ""belligerent"" mean?",Eager to fight or argue.,"Give students 60 seconds to use ""belligerent"" in an original sentence that shows it means ""eager to fight or argue""."
2026-02-17,Alacrity,noun,a-lac-ri-TY,hard,cheerful eagerness or readiness,Alacrity is a noun meaning cheerful eagerness or readiness. Use it when that meaning is exactly what you need in writing or speech.,He accepted the assignment with surprising alacrity.,from alacer — lively,"What does ""alacrity"" mean?",Cheerful eagerness or readiness.,"Give students 60 seconds to use ""alacrity"" in an original sentence that shows it means ""cheerful eagerness or readiness""."
2026-02-18,Bolster,verb,bol-STER,medium,to support or strengthen,Bolster is a verb meaning to support or strengthen. Use it when that meaning is exactly what you need in writing or speech.,The new evidence helped bolster the prosecution's case.,from Old English bolster — cushion,"What does ""bolster"" mean?",To support or strengthen.,"Give students 60 seconds to use ""bolster"" in an original sentence that shows it means ""to support or strengthen""."
2026-02-19,Compliant,adjective,com-pli-ANT,easy,willing to follow rules or others' wishes,Compliant is a adjective meaning willing to follow rules or others' wishes. Use it when that meaning is exactly what you need in writing or speech.,The factory was fully compliant with safety regulations.,from complere — to fill up,"What does ""compliant"" mean?",Willing to follow rules or others' wishes.,"Give students 60 seconds to use ""compliant"" in an original sentence that shows it means ""willing to follow rules or others' wishes""."
2026-02-20,Concede,verb,con-CEDE,easy,to admit something is true or accept defeat,Concede is a verb meaning to admit something is true or accept defeat. Use it when that meaning is exactly what you need in writing or speech.,He had to concede that his rival's plan was better.,from concedere — to yield,"What does ""concede"" mean?",To admit something is true or accept defeat.,"Give students 60 seconds to use ""concede"" in an original sentence that shows it means ""to admit something is true or accept defeat""."
2026-02-21,Brevity,noun,brev-i-TY,medium,"shortness, especially in speech or writing","Brevity is a noun meaning shortness, especially in speech or writing. Use it when that meaning is exactly what you need in writing or speech.",The judge praised the lawyer for the brevity of his closing.,from brevis — short,"What does ""brevity"" mean?","Shortness, especially in speech or writing.","Give students 60 seconds to use ""brevity"" in an original sentence that shows it means ""shortness, especially in speech or writing""."
2026-02-22,Caustic,adjective,caus-TIC,medium,bitingly sarcastic or harsh,Caustic is a adjective meaning bitingly sarcastic or harsh. Use it when that meaning is exactly what you need in writing or speech.,Her caustic review of the play offended the director.,from kaustikos — burning,"What does ""caustic"" mean?",Bitingly sarcastic or harsh.,"Give students 60 seconds to use ""caustic"" in an original sentence that shows it means ""bitingly sarcastic or harsh""."
2026-02-23,Ameliorate,verb,a-mel-io-RATE,hard,to make a bad situation better,Ameliorate is a verb meaning to make a bad situation better. Use it when that meaning is exactly what you need in writing or speech.,The aid package aimed to ameliorate conditions in the refugee camps.,from melior — better,"What does ""ameliorate"" mean?",To make a bad situation better.,"Give students 60 seconds to use ""ameliorate"" in an original sentence that shows it means ""to make a bad situation better""."
2026-02-24,Censure,verb,cen-SURE,medium,"to express strong disapproval, often officially","Censure is a verb meaning to express strong disapproval, often officially. Use it when that meaning is exactly what you need in writing or speech.",The committee voted to censure the official for misconduct.,from censere — to judge,"What does ""censure"" mean?","To express strong disapproval, often officially.","Give students 60 seconds to use ""censure"" in an original sentence that shows it means ""to express strong disapproval, often officially""."
2026-02-25,Consensus,noun,con-sen-SUS,easy,general agreement among a group,Consensus is a noun meaning general agreement among a group. Use it when that meaning is exactly what you need in writing or speech.,The board reached a consensus after hours of discussion.,from consentire — to feel together,"What does ""consensus"" mean?",General agreement among a group.,"Give students 60 seconds to use ""consensus"" in an original sentence that shows it means ""general agreement among a group""."
2026-02-26,Chastise,verb,chas-TISE,medium,to scold or correct firmly,Chastise is a verb meaning to scold or correct firmly. Use it when that meaning is exactly what you need in writing or speech.,The teacher chastised the class for cheating on the quiz.,from castigare — to correct,"What does ""chastise"" mean?",To scold or correct firmly.,"Give students 60 seconds to use ""chastise"" in an original sentence that shows it means ""to scold or correct firmly""."
2026-02-27,Anachronism,noun,a-nach-ro-NISM,hard,something out of place in its time period,Anachronism is a noun meaning something out of place in its time period. Use it when that meaning is exactly what you need in writing or speech.,The pocket watch in the medieval film was a clear anachronism.,from ana- + chronos — against time,"What does ""anachronism"" mean?",Something out of place in its time period.,"Give students 60 seconds to use ""anachronism"" in an original sentence that shows it means ""something out of place in its time period""."
2026-02-28,Colloquial,adjective,col-lo-qui-AL,medium,used in ordinary or informal speech,Colloquial is a adjective meaning used in ordinary or informal speech. Use it when that meaning is exactly what you need in writing or speech.,The essay used a colloquial tone that felt friendly.,from colloquium — conversation,"What does ""colloquial"" mean?",Used in ordinary or informal speech.,"Give students 60 seconds to use ""colloquial"" in an original sentence that shows it means ""used in ordinary or informal speech""."
2026-03-01,Daunting,adjective,daunt-ING,easy,intimidating or seeming difficult to manage,Daunting is a adjective meaning intimidating or seeming difficult to manage. Use it when that meaning is exactly what you need in writing or speech.,The mountain of paperwork was a daunting sight.,from danter — to tame,"What does ""daunting"" mean?",Intimidating or seeming difficult to manage.,"Give students 60 seconds to use ""daunting"" in an original sentence that shows it means ""intimidating or seeming difficult to manage""."
2026-03-02,Deter,verb,de-TER,easy,to discourage someone from doing something,Deter is a verb meaning to discourage someone from doing something. Use it when that meaning is exactly what you need in writing or speech.,Higher fees did not deter applicants from applying.,from deterrere — to frighten away,"What does ""deter"" mean?",To discourage someone from doing something.,"Give students 60 seconds to use ""deter"" in an original sentence that shows it means ""to discourage someone from doing something""."
2026-03-03,Complacent,adjective,com-pla-CENT,medium,too pleased with oneself; not alert to dangers,Complacent is a adjective meaning too pleased with oneself; not alert to dangers. Use it when that meaning is exactly what you need in writing or speech.,The team grew complacent after winning the first match easily.,from complacere — to be very pleasing,"What does ""complacent"" mean?",Too pleased with oneself; not alert to dangers.,"Give students 60 seconds to use ""complacent"" in an original sentence that shows it means ""too pleased with oneself; not alert to dangers""."
2026-03-04,Condone,verb,con-DONE,medium,to accept or allow behavior that is wrong,Condone is a verb meaning to accept or allow behavior that is wrong. Use it when that meaning is exactly what you need in writing or speech.,The school does not condone bullying of any kind.,from condonare — to forgive,"What does ""condone"" mean?",To accept or allow behavior that is wrong.,"Give students 60 seconds to use ""condone"" in an original sentence that shows it means ""to accept or allow behavior that is wrong""."
2026-03-05,Antipathy,noun,an-tip-a-THY,hard,a deep feeling of dislike,Antipathy is a noun meaning a deep feeling of dislike. Use it when that meaning is exactly what you need in writing or speech.,There was clear antipathy between the two rival reporters.,from anti- + pathos — against feeling,"What does ""antipathy"" mean?",A deep feeling of dislike.,"Give students 60 seconds to use ""antipathy"" in an original sentence that shows it means ""a deep feeling of dislike""."
2026-03-06,Confound,verb,con-FOUND,medium,to confuse or surprise greatly,Confound is a verb meaning to confuse or surprise greatly. Use it when that meaning is exactly what you need in writing or speech.,The result confounded scientists who had predicted the opposite.,from confundere — to mix together,"What does ""confound"" mean?",To confuse or surprise greatly.,"Give students 60 seconds to use ""confound"" in an original sentence that shows it means ""to confuse or surprise greatly""."
2026-03-07,Diligent,adjective,dil-i-GENT,easy,"showing steady, careful effort","Diligent is a adjective meaning showing steady, careful effort. Use it when that meaning is exactly what you need in writing or speech.",A diligent researcher checks every source twice.,from diligere — to value highly,"What does ""diligent"" mean?","Showing steady, careful effort.","Give students 60 seconds to use ""diligent"" in an original sentence that shows it means ""showing steady, careful effort""."
2026-03-08,Conjecture,noun,con-jec-TURE,medium,a guess based on incomplete information,Conjecture is a noun meaning a guess based on incomplete information. Use it when that meaning is exactly what you need in writing or speech.,"Without more data, his theory remained mere conjecture.",from conjicere — to throw together,"What does ""conjecture"" mean?",A guess based on incomplete information.,"Give students 60 seconds to use ""conjecture"" in an original sentence that shows it means ""a guess based on incomplete information""."
2026-03-09,Arcane,adjective,ar-CANE,hard,understood by only a small group; mysterious,Arcane is a adjective meaning understood by only a small group; mysterious. Use it when that meaning is exactly what you need in writing or speech.,The tax code contains arcane rules that only specialists grasp.,from arcanus — hidden,"What does ""arcane"" mean?",Understood by only a small group; mysterious.,"Give students 60 seconds to use ""arcane"" in an original sentence that shows it means ""understood by only a small group; mysterious""."
2026-03-10,Contentious,adjective,con-ten-TIOUS,medium,likely to cause argument,Contentious is a adjective meaning likely to cause argument. Use it when that meaning is exactly what you need in writing or speech.,The new zoning rule became a contentious topic at town meetings.,from contendere — to strive,"What does ""contentious"" mean?",Likely to cause argument.,"Give students 60 seconds to use ""contentious"" in an original sentence that shows it means ""likely to cause argument""."
2026-03-11,Dubious,adjective,du-bi-OUS,easy,doubtful or questionable,Dubious is a adjective meaning doubtful or questionable. Use it when that meaning is exactly what you need in writing or speech.,The salesman made dubious claims about the product's safety.,from dubium — doubt,"What does ""dubious"" mean?",Doubtful or questionable.,"Give students 60 seconds to use ""dubious"" in an original sentence that shows it means ""doubtful or questionable""."
2026-03-12,Elated,adjective,e-lat-ED,easy,extremely happy and excited,Elated is a adjective meaning extremely happy and excited. Use it when that meaning is exactly what you need in writing or speech.,She was elated to receive the scholarship letter.,from elatus — raised,"What does ""elated"" mean?",Extremely happy and excited.,"Give students 60 seconds to use ""elated"" in an original sentence that shows it means ""extremely happy and excited""."
2026-03-13,Conundrum,noun,co-nun-DRUM,medium,a confusing problem or puzzle,Conundrum is a noun meaning a confusing problem or puzzle. Use it when that meaning is exactly what you need in writing or speech.,Balancing growth and privacy is a real conundrum for tech firms.,"origin uncertain, 17th-century English coinage","What does ""conundrum"" mean?",A confusing problem or puzzle.,"Give students 60 seconds to use ""conundrum"" in an original sentence that shows it means ""a confusing problem or puzzle""."
2026-03-14,Copious,adjective,co-pi-OUS,medium,in large amounts; plentiful,Copious is a adjective meaning in large amounts; plentiful. Use it when that meaning is exactly what you need in writing or speech.,She took copious notes during the four-hour lecture.,from copia — abundance,"What does ""copious"" mean?",In large amounts; plentiful.,"Give students 60 seconds to use ""copious"" in an original sentence that shows it means ""in large amounts; plentiful""."
2026-03-15,Assiduous,adjective,as-sid-u-OUS,hard,showing great care and constant effort,Assiduous is a adjective meaning showing great care and constant effort. Use it when that meaning is exactly what you need in writing or speech.,His assiduous note-taking paid off during final exams.,from assidere — to sit by,"What does ""assiduous"" mean?",Showing great care and constant effort.,"Give students 60 seconds to use ""assiduous"" in an original sentence that shows it means ""showing great care and constant effort""."
2026-03-16,Corroborate,verb,cor-rob-o-RATE,medium,to support a claim with evidence,Corroborate is a verb meaning to support a claim with evidence. Use it when that meaning is exactly what you need in writing or speech.,Two witnesses came forward to corroborate her story.,from corroborare — to strengthen,"What does ""corroborate"" mean?",To support a claim with evidence.,"Give students 60 seconds to use ""corroborate"" in an original sentence that shows it means ""to support a claim with evidence""."
2026-03-17,Elusive,adjective,e-lu-SIVE,easy,"hard to find, catch, or describe","Elusive is a adjective meaning hard to find, catch, or describe. Use it when that meaning is exactly what you need in writing or speech.",The cause of the outage proved elusive for the engineers.,from eludere — to evade,"What does ""elusive"" mean?","Hard to find, catch, or describe.","Give students 60 seconds to use ""elusive"" in an original sentence that shows it means ""hard to find, catch, or describe""."
2026-03-18,Cryptic,adjective,cryp-TIC,medium,having a hidden or unclear meaning,Cryptic is a adjective meaning having a hidden or unclear meaning. Use it when that meaning is exactly what you need in writing or speech.,He left a cryptic note that nobody could decode.,from kryptikos — hidden,"What does ""cryptic"" mean?",Having a hidden or unclear meaning.,"Give students 60 seconds to use ""cryptic"" in an original sentence that shows it means ""having a hidden or unclear meaning""."
2026-03-19,Avarice,noun,av-a-RICE,hard,extreme greed for wealth,Avarice is a noun meaning extreme greed for wealth. Use it when that meaning is exactly what you need in writing or speech.,The novel paints the banker's avarice as his fatal flaw.,from avaritia — greed,"What does ""avarice"" mean?",Extreme greed for wealth.,"Give students 60 seconds to use ""avarice"" in an original sentence that shows it means ""extreme greed for wealth""."
2026-03-20,Decorum,noun,de-co-RUM,medium,"proper, polite behavior","Decorum is a noun meaning proper, polite behavior. Use it when that meaning is exactly what you need in writing or speech.",The students were expected to show decorum during the ceremony.,from decorus — fitting,"What does ""decorum"" mean?","Proper, polite behavior.","Give students 60 seconds to use ""decorum"" in an original sentence that shows it means ""proper, polite behavior""."
2026-03-21,Empathy,noun,em-pa-THY,easy,the ability to share another's feelings,Empathy is a noun meaning the ability to share another's feelings. Use it when that meaning is exactly what you need in writing or speech.,Good nurses show empathy as well as skill.,from empatheia — feeling into,"What does ""empathy"" mean?",The ability to share another's feelings.,"Give students 60 seconds to use ""empathy"" in an original sentence that shows it means ""the ability to share another's feelings""."
2026-03-22,Exemplary,adjective,ex-em-pla-RY,easy,serving as a positive example,Exemplary is a adjective meaning serving as a positive example. Use it when that meaning is exactly what you need in writing or speech.,Her exemplary work earned her a promotion.,from exemplum — sample,"What does ""exemplary"" mean?",Serving as a positive example.,"Give students 60 seconds to use ""exemplary"" in an original sentence that shows it means ""serving as a positive example""."
2026-03-23,Deference,noun,def-er-ENCE,medium,respectful submission to another's judgment,Deference is a noun meaning respectful submission to another's judgment. Use it when that meaning is exactly what you need in writing or speech.,"Out of deference to her teacher, she stayed quiet during the debate.",from deferre — to bring down,"What does ""deference"" mean?",Respectful submission to another's judgment.,"Give students 60 seconds to use ""deference"" in an original sentence that shows it means ""respectful submission to another's judgment""."
2026-03-24,Deride,verb,de-RIDE,medium,to mock or laugh at scornfully,Deride is a verb meaning to mock or laugh at scornfully. Use it when that meaning is exactly what you need in writing or speech.,Critics derided the film as a cheap imitation.,from deridere — to laugh at,"What does ""deride"" mean?",To mock or laugh at scornfully.,"Give students 60 seconds to use ""deride"" in an original sentence that shows it means ""to mock or laugh at scornfully""."
2026-03-25,Banal,adjective,ba-NAL,hard,boring because it is too common or ordinary,Banal is a adjective meaning boring because it is too common or ordinary. Use it when that meaning is exactly what you need in writing or speech.,"The film's plot was banal, full of predictable twists.",from ban — common,"What does ""banal"" mean?",Boring because it is too common or ordinary.,"Give students 60 seconds to use ""banal"" in an original sentence that shows it means ""boring because it is too common or ordinary""."
2026-03-26,Despondent,adjective,de-spon-DENT,medium,feeling extreme sadness or hopelessness,Despondent is a adjective meaning feeling extreme sadness or hopelessness. Use it when that meaning is exactly what you need in writing or speech.,"After losing the championship, the team felt despondent for weeks.",from despondere — to give up,"What does ""despondent"" mean?",Feeling extreme sadness or hopelessness.,"Give students 60 seconds to use ""despondent"" in an original sentence that shows it means ""feeling extreme sadness or hopelessness""."
2026-03-27,Explicit,adjective,ex-plic-IT,easy,stated clearly and in detail,Explicit is a adjective meaning stated clearly and in detail. Use it when that meaning is exactly what you need in writing or speech.,The instructions were explicit about how to install the part.,from explicare — to unfold,"What does ""explicit"" mean?",Stated clearly and in detail.,"Give students 60 seconds to use ""explicit"" in an original sentence that shows it means ""stated clearly and in detail""."
2026-03-28,Discordant,adjective,dis-cor-DANT,medium,not in harmony; clashing,Discordant is a adjective meaning not in harmony; clashing. Use it when that meaning is exactly what you need in writing or speech.,His comments were discordant with the team's official stance.,from discordare — to disagree,"What does ""discordant"" mean?",Not in harmony; clashing.,"Give students 60 seconds to use ""discordant"" in an original sentence that shows it means ""not in harmony; clashing""."
2026-03-29,Belie,verb,be-LIE,hard,to give a false idea of something,Belie is a verb meaning to give a false idea of something. Use it when that meaning is exactly what you need in writing or speech.,His calm tone belied the panic he felt inside.,from Old English beleogan — to deceive,"What does ""belie"" mean?",To give a false idea of something.,"Give students 60 seconds to use ""belie"" in an original sentence that shows it means ""to give a false idea of something""."
2026-03-30,Discrepancy,noun,dis-crep-an-CY,medium,a difference between two things that should match,Discrepancy is a noun meaning a difference between two things that should match. Use it when that meaning is exactly what you need in writing or speech.,There was a small discrepancy between the receipt and the bill.,from discrepare — to sound different,"What does ""discrepancy"" mean?",A difference between two things that should match.,"Give students 60 seconds to use ""discrepancy"" in an original sentence that shows it means ""a difference between two things that should match""."
2026-03-31,Fickle,adjective,fick-LE,easy,changing affections or opinions often,Fickle is a adjective meaning changing affections or opinions often. Use it when that meaning is exactly what you need in writing or speech.,The fickle crowd booed the same team they had cheered.,from Old English ficol — deceitful,"What does ""fickle"" mean?",Changing affections or opinions often.,"Give students 60 seconds to use ""fickle"" in an original sentence that shows it means ""changing affections or opinions often""."
2026-04-01,Frugal,adjective,fru-GAL,easy,careful with money and resources,Frugal is a adjective meaning careful with money and resources. Use it when that meaning is exactly what you need in writing or speech.,Her frugal habits let her save for a down payment.,from frugalis — thrifty,"What does ""frugal"" mean?",Careful with money and resources.,"Give students 60 seconds to use ""frugal"" in an original sentence that shows it means ""careful with money and resources""."
2026-04-02,Disdain,noun,dis-DAIN,medium,a strong feeling that something is unworthy,Disdain is a noun meaning a strong feeling that something is unworthy. Use it when that meaning is exactly what you need in writing or speech.,She looked at the cheap copy with open disdain.,from desdaigner — to scorn,"What does ""disdain"" mean?",A strong feeling that something is unworthy.,"Give students 60 seconds to use ""disdain"" in an original sentence that shows it means ""a strong feeling that something is unworthy""."
2026-04-03,Disseminate,verb,dis-sem-i-NATE,medium,to spread widely,Disseminate is a verb meaning to spread widely. Use it when that meaning is exactly what you need in writing or speech.,Social media helps disseminate news in seconds.,from disseminare — to scatter seed,"What does ""disseminate"" mean?",To spread widely.,"Give students 60 seconds to use ""disseminate"" in an original sentence that shows it means ""to spread widely""."
2026-04-04,Bombastic,adjective,bom-bas-TIC,hard,using grand or showy language with little real meaning,Bombastic is a adjective meaning using grand or showy language with little real meaning. Use it when that meaning is exactly what you need in writing or speech.,His bombastic speech impressed no one in the room.,from bombyx — silk padding,"What does ""bombastic"" mean?",Using grand or showy language with little real meaning.,"Give students 60 seconds to use ""bombastic"" in an original sentence that shows it means ""using grand or showy language with little real meaning""."
2026-04-05,Eclectic,adjective,ec-lec-TIC,medium,drawing ideas from many different sources,Eclectic is a adjective meaning drawing ideas from many different sources. Use it when that meaning is exactly what you need in writing or speech.,"Her eclectic playlist mixed jazz, punk, and folk.",from eklektikos — selective,"What does ""eclectic"" mean?",Drawing ideas from many different sources.,"Give students 60 seconds to use ""eclectic"" in an original sentence that shows it means ""drawing ideas from many different sources""."
2026-04-06,Futile,adjective,fu-TILE,easy,unlikely to succeed; useless,Futile is a adjective meaning unlikely to succeed; useless. Use it when that meaning is exactly what you need in writing or speech.,It was futile to argue with the stubborn judge.,from futilis — leaky,"What does ""futile"" mean?",Unlikely to succeed; useless.,"Give students 60 seconds to use ""futile"" in an original sentence that shows it means ""unlikely to succeed; useless""."
2026-04-07,Efficacy,noun,ef-fi-ca-CY,medium,the ability to produce the desired result,Efficacy is a noun meaning the ability to produce the desired result. Use it when that meaning is exactly what you need in writing or speech.,Researchers tested the efficacy of the new vaccine.,from efficax — effective,"What does ""efficacy"" mean?",The ability to produce the desired result.,"Give students 60 seconds to use ""efficacy"" in an original sentence that shows it means ""the ability to produce the desired result""."
2026-04-08,Cacophony,noun,ca-coph-o-NY,hard,"a harsh mix of loud, unpleasant sounds","Cacophony is a noun meaning a harsh mix of loud, unpleasant sounds. Use it when that meaning is exactly what you need in writing or speech.",A cacophony of horns rose from the gridlocked intersection.,from kakos + phone — bad sound,"What does ""cacophony"" mean?","A harsh mix of loud, unpleasant sounds.","Give students 60 seconds to use ""cacophony"" in an original sentence that shows it means ""a harsh mix of loud, unpleasant sounds""."
2026-04-09,Elucidate,verb,e-lu-ci-DATE,medium,to make something clear by explaining,Elucidate is a verb meaning to make something clear by explaining. Use it when that meaning is exactly what you need in writing or speech.,The professor tried to elucidate the theory with a simple chart.,from lucidus — clear,"What does ""elucidate"" mean?",To make something clear by explaining.,"Give students 60 seconds to use ""elucidate"" in an original sentence that shows it means ""to make something clear by explaining""."
2026-04-10,Hierarchy,noun,hi-er-ar-CHY,easy,a system ranking things or people by importance,Hierarchy is a noun meaning a system ranking things or people by importance. Use it when that meaning is exactly what you need in writing or speech.,The company has a strict hierarchy of decision-makers.,from hieros + archein — sacred rule,"What does ""hierarchy"" mean?",A system ranking things or people by importance.,"Give students 60 seconds to use ""hierarchy"" in an original sentence that shows it means ""a system ranking things or people by importance""."
2026-04-11,Hindrance,noun,hin-DRANCE,easy,something that gets in the way,Hindrance is a noun meaning something that gets in the way. Use it when that meaning is exactly what you need in writing or speech.,Slow internet was a hindrance to remote teaching.,from Old English hindrian — to harm,"What does ""hindrance"" mean?",Something that gets in the way.,"Give students 60 seconds to use ""hindrance"" in an original sentence that shows it means ""something that gets in the way""."
2026-04-12,Emulate,verb,em-u-LATE,medium,to try to equal or copy someone admired,Emulate is a verb meaning to try to equal or copy someone admired. Use it when that meaning is exactly what you need in writing or speech.,Young athletes often emulate their favorite stars.,from aemulari — to rival,"What does ""emulate"" mean?",To try to equal or copy someone admired.,"Give students 60 seconds to use ""emulate"" in an original sentence that shows it means ""to try to equal or copy someone admired""."
2026-04-13,Enigma,noun,e-nig-MA,medium,a person or thing that is mysterious,Enigma is a noun meaning a person or thing that is mysterious. Use it when that meaning is exactly what you need in writing or speech.,His sudden disappearance remained an enigma for years.,from ainigma — riddle,"What does ""enigma"" mean?",A person or thing that is mysterious.,"Give students 60 seconds to use ""enigma"" in an original sentence that shows it means ""a person or thing that is mysterious""."
2026-04-14,Cajole,verb,ca-JOLE,hard,to coax someone gently into doing something,Cajole is a verb meaning to coax someone gently into doing something. Use it when that meaning is exactly what you need in writing or speech.,He had to cajole his sister into joining the road trip.,from cajoler — to chatter like a jay,"What does ""cajole"" mean?",To coax someone gently into doing something.,"Give students 60 seconds to use ""cajole"" in an original sentence that shows it means ""to coax someone gently into doing something""."
2026-04-15,Espouse,verb,es-POUSE,medium,to support an idea or cause,Espouse is a verb meaning to support an idea or cause. Use it when that meaning is exactly what you need in writing or speech.,The mayor began to espouse stricter clean-air rules.,from espouser — to marry,"What does ""espouse"" mean?",To support an idea or cause.,"Give students 60 seconds to use ""espouse"" in an original sentence that shows it means ""to support an idea or cause""."
2026-04-16,Imminent,adjective,im-mi-NENT,easy,about to happen,Imminent is a adjective meaning about to happen. Use it when that meaning is exactly what you need in writing or speech.,Heavy clouds suggested an imminent storm.,from imminere — to overhang,"What does ""imminent"" mean?",About to happen.,"Give students 60 seconds to use ""imminent"" in an original sentence that shows it means ""about to happen""."
2026-04-17,Ethereal,adjective,e-the-re-AL,medium,"light, delicate, and seemingly from another world","Ethereal is a adjective meaning light, delicate, and seemingly from another world. Use it when that meaning is exactly what you need in writing or speech.",Her ethereal voice filled the cathedral.,from aither — upper air,"What does ""ethereal"" mean?","Light, delicate, and seemingly from another world.","Give students 60 seconds to use ""ethereal"" in an original sentence that shows it means ""light, delicate, and seemingly from another world""."
2026-04-18,Capricious,adjective,ca-pri-CIOUS,hard,changing suddenly without clear reason,Capricious is a adjective meaning changing suddenly without clear reason. Use it when that meaning is exactly what you need in writing or speech.,The capricious weather ruined our outdoor wedding plans.,from caper — goat,"What does ""capricious"" mean?",Changing suddenly without clear reason.,"Give students 60 seconds to use ""capricious"" in an original sentence that shows it means ""changing suddenly without clear reason""."
2026-04-19,Euphoria,noun,eu-pho-ri-A,medium,a feeling of intense happiness,Euphoria is a noun meaning a feeling of intense happiness. Use it when that meaning is exactly what you need in writing or speech.,He felt a brief euphoria after crossing the finish line.,from euphoros — well bearing,"What does ""euphoria"" mean?",A feeling of intense happiness.,"Give students 60 seconds to use ""euphoria"" in an original sentence that shows it means ""a feeling of intense happiness""."
2026-04-20,Impartial,adjective,im-par-TIAL,easy,treating all sides fairly,Impartial is a adjective meaning treating all sides fairly. Use it when that meaning is exactly what you need in writing or speech.,A judge must remain impartial throughout the case.,from in- + partialis — not partial,"What does ""impartial"" mean?",Treating all sides fairly.,"Give students 60 seconds to use ""impartial"" in an original sentence that shows it means ""treating all sides fairly""."
2026-04-21,Indifferent,adjective,in-dif-fer-ENT,easy,showing no interest or care,Indifferent is a adjective meaning showing no interest or care. Use it when that meaning is exactly what you need in writing or speech.,He was indifferent to politics throughout his college years.,from in- + differre — not differing,"What does ""indifferent"" mean?",Showing no interest or care.,"Give students 60 seconds to use ""indifferent"" in an original sentence that shows it means ""showing no interest or care""."
2026-04-22,Exacerbate,verb,ex-ac-er-BATE,medium,to make a bad situation worse,Exacerbate is a verb meaning to make a bad situation worse. Use it when that meaning is exactly what you need in writing or speech.,Heavy rain only exacerbated the flooding problem.,from exacerbare — to irritate,"What does ""exacerbate"" mean?",To make a bad situation worse.,"Give students 60 seconds to use ""exacerbate"" in an original sentence that shows it means ""to make a bad situation worse""."
2026-04-23,Expedient,adjective,ex-pe-di-ENT,medium,"convenient and useful, even if not entirely fair","Expedient is a adjective meaning convenient and useful, even if not entirely fair. Use it when that meaning is exactly what you need in writing or speech.",It was expedient to drop the topic before tempers flared.,from expedire — to free the feet,"What does ""expedient"" mean?","Convenient and useful, even if not entirely fair.","Give students 60 seconds to use ""expedient"" in an original sentence that shows it means ""convenient and useful, even if not entirely fair""."
2026-04-24,Castigate,verb,cas-ti-GATE,hard,to scold or criticize severely,Castigate is a verb meaning to scold or criticize severely. Use it when that meaning is exactly what you need in writing or speech.,The editor castigated the reporter for missing the deadline.,from castigare — to correct,"What does ""castigate"" mean?",To scold or criticize severely.,"Give students 60 seconds to use ""castigate"" in an original sentence that shows it means ""to scold or criticize severely""."
2026-04-25,Extol,verb,ex-TOL,medium,to praise highly,Extol is a verb meaning to praise highly. Use it when that meaning is exactly what you need in writing or speech.,Reviewers continued to extol the chef's bold use of spice.,from extollere — to lift up,"What does ""extol"" mean?",To praise highly.,"Give students 60 seconds to use ""extol"" in an original sentence that shows it means ""to praise highly""."
2026-04-26,Ingenious,adjective,in-gen-IOUS,easy,"clever, original, and inventive","Ingenious is a adjective meaning clever, original, and inventive. Use it when that meaning is exactly what you need in writing or speech.",Her ingenious design used recycled bottles as bricks.,from ingenium — natural ability,"What does ""ingenious"" mean?","Clever, original, and inventive.","Give students 60 seconds to use ""ingenious"" in an original sentence that shows it means ""clever, original, and inventive""."
2026-04-27,Extraneous,adjective,ex-tra-ne-OUS,medium,not essential or relevant,Extraneous is a adjective meaning not essential or relevant. Use it when that meaning is exactly what you need in writing or speech.,He cut extraneous details to keep the essay focused.,from extraneus — external,"What does ""extraneous"" mean?",Not essential or relevant.,"Give students 60 seconds to use ""extraneous"" in an original sentence that shows it means ""not essential or relevant""."
2026-04-28,Circumspect,adjective,cir-cum-SPECT,hard,careful to consider all consequences,Circumspect is a adjective meaning careful to consider all consequences. Use it when that meaning is exactly what you need in writing or speech.,A diplomat must be circumspect in every public statement.,from circumspicere — to look around,"What does ""circumspect"" mean?",Careful to consider all consequences.,"Give students 60 seconds to use ""circumspect"" in an original sentence that shows it means ""careful to consider all consequences""."
2026-04-29,Fathom,verb,fath-OM,medium,to understand something deeply,Fathom is a verb meaning to understand something deeply. Use it when that meaning is exactly what you need in writing or speech.,He could not fathom why she left without saying goodbye.,from Old English faethm — outstretched arms,"What does ""fathom"" mean?",To understand something deeply.,"Give students 60 seconds to use ""fathom"" in an original sentence that shows it means ""to understand something deeply""."
2026-04-30,Inherent,adjective,in-her-ENT,easy,existing as a natural part of something,Inherent is a adjective meaning existing as a natural part of something. Use it when that meaning is exactly what you need in writing or speech.,There is an inherent risk in skydiving.,from inhaerere — to stick in,"What does ""inherent"" mean?",Existing as a natural part of something.,"Give students 60 seconds to use ""inherent"" in an original sentence that shows it means ""existing as a natural part of something""."
2026-05-01,Inquisitive,adjective,in-quis-i-TIVE,easy,eager to learn or know,Inquisitive is a adjective meaning eager to learn or know. Use it when that meaning is exactly what you need in writing or speech.,The inquisitive child asked questions about everything.,from inquirere — to inquire,"What does ""inquisitive"" mean?",Eager to learn or know.,"Give students 60 seconds to use ""inquisitive"" in an original sentence that shows it means ""eager to learn or know""."
2026-05-02,Fervent,adjective,fer-VENT,medium,showing very strong feeling,Fervent is a adjective meaning showing very strong feeling. Use it when that meaning is exactly what you need in writing or speech.,She made a fervent plea for more school funding.,from fervere — to boil,"What does ""fervent"" mean?",Showing very strong feeling.,"Give students 60 seconds to use ""fervent"" in an original sentence that shows it means ""showing very strong feeling""."
2026-05-03,Flagrant,adjective,fla-GRANT,medium,openly and shockingly wrong,Flagrant is a adjective meaning openly and shockingly wrong. Use it when that meaning is exactly what you need in writing or speech.,The referee called a flagrant foul on the play.,from flagrare — to burn,"What does ""flagrant"" mean?",Openly and shockingly wrong.,"Give students 60 seconds to use ""flagrant"" in an original sentence that shows it means ""openly and shockingly wrong""."
2026-05-04,Clandestine,adjective,clan-des-TINE,hard,"kept secret, often for improper reasons","Clandestine is a adjective meaning kept secret, often for improper reasons. Use it when that meaning is exactly what you need in writing or speech.",They held clandestine meetings in an abandoned warehouse.,from clam — secretly,"What does ""clandestine"" mean?","Kept secret, often for improper reasons.","Give students 60 seconds to use ""clandestine"" in an original sentence that shows it means ""kept secret, often for improper reasons""."
2026-05-05,Genial,adjective,ge-ni-AL,medium,friendly and cheerful,Genial is a adjective meaning friendly and cheerful. Use it when that meaning is exactly what you need in writing or speech.,Their genial host made everyone feel welcome.,from genialis — festive,"What does ""genial"" mean?",Friendly and cheerful.,"Give students 60 seconds to use ""genial"" in an original sentence that shows it means ""friendly and cheerful""."
2026-05-06,Malice,noun,mal-ICE,easy,the desire to harm others,Malice is a noun meaning the desire to harm others. Use it when that meaning is exactly what you need in writing or speech.,She bore no malice toward her former boss.,from malitia — badness,"What does ""malice"" mean?",The desire to harm others.,"Give students 60 seconds to use ""malice"" in an original sentence that shows it means ""the desire to harm others""."
2026-05-07,Grandiose,adjective,gran-di-OSE,medium,"impressive in size or scope, sometimes excessively","Grandiose is a adjective meaning impressive in size or scope, sometimes excessively. Use it when that meaning is exactly what you need in writing or speech.",His grandiose plans for the park never got funded.,from grand — great,"What does ""grandiose"" mean?","Impressive in size or scope, sometimes excessively.","Give students 60 seconds to use ""grandiose"" in an original sentence that shows it means ""impressive in size or scope, sometimes excessively""."
2026-05-08,Coalesce,verb,co-a-LESCE,hard,to come together to form one group or mass,Coalesce is a verb meaning to come together to form one group or mass. Use it when that meaning is exactly what you need in writing or speech.,The protesters began to coalesce around a single demand.,from coalescere — to grow together,"What does ""coalesce"" mean?",To come together to form one group or mass.,"Give students 60 seconds to use ""coalesce"" in an original sentence that shows it means ""to come together to form one group or mass""."
2026-05-09,Gregarious,adjective,gre-gar-i-OUS,medium,enjoying being around other people,Gregarious is a adjective meaning enjoying being around other people. Use it when that meaning is exactly what you need in writing or speech.,Her gregarious nature made her a natural at the conference.,from grex — flock,"What does ""gregarious"" mean?",Enjoying being around other people.,"Give students 60 seconds to use ""gregarious"" in an original sentence that shows it means ""enjoying being around other people""."
2026-05-10,Mundane,adjective,mun-DANE,easy,ordinary and dull,Mundane is a adjective meaning ordinary and dull. Use it when that meaning is exactly what you need in writing or speech.,"After the trip, the office tasks felt mundane.",from mundus — world,"What does ""mundane"" mean?",Ordinary and dull.,"Give students 60 seconds to use ""mundane"" in an original sentence that shows it means ""ordinary and dull""."
2026-05-11,Notorious,adjective,no-to-ri-OUS,easy,famous for something bad,Notorious is a adjective meaning famous for something bad. Use it when that meaning is exactly what you need in writing or speech.,The bridge is notorious for traffic backups.,from notorius — well known,"What does ""notorious"" mean?",Famous for something bad.,"Give students 60 seconds to use ""notorious"" in an original sentence that shows it means ""famous for something bad""."
2026-05-12,Guile,noun,GUILE,medium,clever and deceitful behavior,Guile is a noun meaning clever and deceitful behavior. Use it when that meaning is exactly what you need in writing or speech.,"He won the deal through pure guile, not skill.",from Old French guile — deception,"What does ""guile"" mean?",Clever and deceitful behavior.,"Give students 60 seconds to use ""guile"" in an original sentence that shows it means ""clever and deceitful behavior""."
2026-05-13,Haughty,adjective,haugh-TY,medium,acting proud and looking down on others,Haughty is a adjective meaning acting proud and looking down on others. Use it when that meaning is exactly what you need in writing or speech.,Her haughty tone offended the new interns.,from haut — high,"What does ""haughty"" mean?",Acting proud and looking down on others.,"Give students 60 seconds to use ""haughty"" in an original sentence that shows it means ""acting proud and looking down on others""."
2026-05-14,Cogent,adjective,co-GENT,hard,"clear, logical, and convincing","Cogent is a adjective meaning clear, logical, and convincing. Use it when that meaning is exactly what you need in writing or speech.",She made a cogent argument for cutting the program.,from cogere — to compel,"What does ""cogent"" mean?","Clear, logical, and convincing.","Give students 60 seconds to use ""cogent"" in an original sentence that shows it means ""clear, logical, and convincing""."
2026-05-15,Heinous,adjective,hei-NOUS,medium,shockingly wicked,Heinous is a adjective meaning shockingly wicked. Use it when that meaning is exactly what you need in writing or speech.,The crime was so heinous it shocked even seasoned investigators.,from haine — hate,"What does ""heinous"" mean?",Shockingly wicked.,"Give students 60 seconds to use ""heinous"" in an original sentence that shows it means ""shockingly wicked""."
2026-05-16,Novel,adjective,nov-EL,easy,new and original,Novel is a adjective meaning new and original. Use it when that meaning is exactly what you need in writing or speech.,They proposed a novel way to recycle plastic bags.,from novellus — new,"What does ""novel"" mean?",New and original.,"Give students 60 seconds to use ""novel"" in an original sentence that shows it means ""new and original""."
2026-05-17,Hyperbole,noun,hy-per-bo-LE,medium,obvious exaggeration used for effect,Hyperbole is a noun meaning obvious exaggeration used for effect. Use it when that meaning is exactly what you need in writing or speech.,"Saying he ate a ton of food is hyperbole, not a fact.",from hyperballein — to throw beyond,"What does ""hyperbole"" mean?",Obvious exaggeration used for effect.,"Give students 60 seconds to use ""hyperbole"" in an original sentence that shows it means ""obvious exaggeration used for effect""."
2026-05-18,Commensurate,adjective,com-men-su-RATE,hard,"matching in size, degree, or importance","Commensurate is a adjective meaning matching in size, degree, or importance. Use it when that meaning is exactly what you need in writing or speech.",His pay was commensurate with his years of experience.,from commensurare — to measure together,"What does ""commensurate"" mean?","Matching in size, degree, or importance.","Give students 60 seconds to use ""commensurate"" in an original sentence that shows it means ""matching in size, degree, or importance""."
2026-05-19,Impassive,adjective,im-pas-SIVE,medium,showing no emotion,Impassive is a adjective meaning showing no emotion. Use it when that meaning is exactly what you need in writing or speech.,His impassive face gave no clue to his real reaction.,from in- + passivus — not feeling,"What does ""impassive"" mean?",Showing no emotion.,"Give students 60 seconds to use ""impassive"" in an original sentence that shows it means ""showing no emotion""."
2026-05-20,Oblivious,adjective,o-bliv-i-OUS,easy,unaware of what is happening,Oblivious is a adjective meaning unaware of what is happening. Use it when that meaning is exactly what you need in writing or speech.,"He walked through the rain, oblivious to the puddles.",from oblivisci — to forget,"What does ""oblivious"" mean?",Unaware of what is happening.,"Give students 60 seconds to use ""oblivious"" in an original sentence that shows it means ""unaware of what is happening""."
2026-05-21,Obscure,adjective,ob-SCURE,easy,not clear or well known,Obscure is a adjective meaning not clear or well known. Use it when that meaning is exactly what you need in writing or speech.,She quoted an obscure poet from the 1700s.,from obscurus — dark,"What does ""obscure"" mean?",Not clear or well known.,"Give students 60 seconds to use ""obscure"" in an original sentence that shows it means ""not clear or well known""."
2026-05-22,Impetuous,adjective,im-pet-u-OUS,medium,acting quickly without thinking,Impetuous is a adjective meaning acting quickly without thinking. Use it when that meaning is exactly what you need in writing or speech.,His impetuous decision to quit shocked everyone.,from impetus — attack,"What does ""impetuous"" mean?",Acting quickly without thinking.,"Give students 60 seconds to use ""impetuous"" in an original sentence that shows it means ""acting quickly without thinking""."
2026-05-23,Impudent,adjective,im-pu-DENT,medium,rude and disrespectful,Impudent is a adjective meaning rude and disrespectful. Use it when that meaning is exactly what you need in writing or speech.,The impudent reply earned him detention.,from in- + pudere — not feeling shame,"What does ""impudent"" mean?",Rude and disrespectful.,"Give students 60 seconds to use ""impudent"" in an original sentence that shows it means ""rude and disrespectful""."
2026-05-24,Conciliatory,adjective,con-cil-i-a-to-RY,hard,meant to calm anger or end disagreement,Conciliatory is a adjective meaning meant to calm anger or end disagreement. Use it when that meaning is exactly what you need in writing or speech.,She struck a conciliatory tone after the heated argument.,from conciliare — to bring together,"What does ""conciliatory"" mean?",Meant to calm anger or end disagreement.,"Give students 60 seconds to use ""conciliatory"" in an original sentence that shows it means ""meant to calm anger or end disagreement""."
2026-05-25,Inane,adjective,in-ANE,medium,silly or empty of meaning,Inane is a adjective meaning silly or empty of meaning. Use it when that meaning is exactly what you need in writing or speech.,The chat devolved into inane gossip.,from inanis — empty,"What does ""inane"" mean?",Silly or empty of meaning.,"Give students 60 seconds to use ""inane"" in an original sentence that shows it means ""silly or empty of meaning""."
2026-05-26,Ominous,adjective,om-i-NOUS,easy,suggesting that something bad is coming,Ominous is a adjective meaning suggesting that something bad is coming. Use it when that meaning is exactly what you need in writing or speech.,There was an ominous silence after the loud crash.,from omen — omen,"What does ""ominous"" mean?",Suggesting that something bad is coming.,"Give students 60 seconds to use ""ominous"" in an original sentence that shows it means ""suggesting that something bad is coming""."
2026-05-27,Incessant,adjective,in-ces-SANT,medium,continuing without pause,Incessant is a adjective meaning continuing without pause. Use it when that meaning is exactly what you need in writing or speech.,The incessant beeping made it hard to focus.,from in- + cessare — not stopping,"What does ""incessant"" mean?",Continuing without pause.,"Give students 60 seconds to use ""incessant"" in an original sentence that shows it means ""continuing without pause""."
2026-05-28,Connoisseur,noun,con-nois-SEUR,hard,an expert judge of taste in a field,Connoisseur is a noun meaning an expert judge of taste in a field. Use it when that meaning is exactly what you need in writing or speech.,"As a wine connoisseur, she detected flaws others missed.",from connaitre — to know,"What does ""connoisseur"" mean?",An expert judge of taste in a field.,"Give students 60 seconds to use ""connoisseur"" in an original sentence that shows it means ""an expert judge of taste in a field""."
2026-05-29,Incisive,adjective,in-ci-SIVE,medium,sharp and clear in thought or expression,Incisive is a adjective meaning sharp and clear in thought or expression. Use it when that meaning is exactly what you need in writing or speech.,Her incisive questions cut to the heart of the issue.,from incidere — to cut into,"What does ""incisive"" mean?",Sharp and clear in thought or expression.,"Give students 60 seconds to use ""incisive"" in an original sentence that shows it means ""sharp and clear in thought or expression""."
2026-05-30,Paradox,noun,par-a-DOX,easy,a statement that seems contradictory but may be true,Paradox is a noun meaning a statement that seems contradictory but may be true. Use it when that meaning is exactly what you need in writing or speech.,It is a paradox that more choices often make us unhappier.,from paradoxos — contrary to expectation,"What does ""paradox"" mean?",A statement that seems contradictory but may be true.,"Give students 60 seconds to use ""paradox"" in an original sentence that shows it means ""a statement that seems contradictory but may be true""."
2026-05-31,Plausible,adjective,plau-si-BLE,easy,seeming reasonable or believable,Plausible is a adjective meaning seeming reasonable or believable. Use it when that meaning is exactly what you need in writing or speech.,Her excuse was plausible but not provable.,from plaudere — to applaud,"What does ""plausible"" mean?",Seeming reasonable or believable.,"Give students 60 seconds to use ""plausible"" in an original sentence that shows it means ""seeming reasonable or believable""."
2026-06-01,Indelible,adjective,in-del-i-BLE,medium,impossible to remove or forget,Indelible is a adjective meaning impossible to remove or forget. Use it when that meaning is exactly what you need in writing or speech.,The trip left an indelible mark on her memory.,from in- + delere — not erasable,"What does ""indelible"" mean?",Impossible to remove or forget.,"Give students 60 seconds to use ""indelible"" in an original sentence that shows it means ""impossible to remove or forget""."
2026-06-02,Indigenous,adjective,in-dig-e-NOUS,medium,native to a place,Indigenous is a adjective meaning native to a place. Use it when that meaning is exactly what you need in writing or speech.,The plant is indigenous to coastal California.,from indigena — native,"What does ""indigenous"" mean?",Native to a place.,"Give students 60 seconds to use ""indigenous"" in an original sentence that shows it means ""native to a place""."
2026-06-03,Contrite,adjective,con-TRITE,hard,feeling sincere guilt for wrongdoing,Contrite is a adjective meaning feeling sincere guilt for wrongdoing. Use it when that meaning is exactly what you need in writing or speech.,He gave a contrite apology to the people he had hurt.,from conterere — to grind,"What does ""contrite"" mean?",Feeling sincere guilt for wrongdoing.,"Give students 60 seconds to use ""contrite"" in an original sentence that shows it means ""feeling sincere guilt for wrongdoing""."
2026-06-04,Indignant,adjective,in-dig-NANT,medium,angry at something seen as unfair,Indignant is a adjective meaning angry at something seen as unfair. Use it when that meaning is exactly what you need in writing or speech.,She was indignant at the rude treatment from the clerk.,from indignus — unworthy,"What does ""indignant"" mean?",Angry at something seen as unfair.,"Give students 60 seconds to use ""indignant"" in an original sentence that shows it means ""angry at something seen as unfair""."
2026-06-05,Profound,adjective,pro-FOUND,easy,showing great depth of thought,Profound is a adjective meaning showing great depth of thought. Use it when that meaning is exactly what you need in writing or speech.,Her profound insight changed how we view the data.,from profundus — deep,"What does ""profound"" mean?",Showing great depth of thought.,"Give students 60 seconds to use ""profound"" in an original sentence that shows it means ""showing great depth of thought""."
2026-06-06,Inept,adjective,in-EPT,medium,clumsy or lacking skill,Inept is a adjective meaning clumsy or lacking skill. Use it when that meaning is exactly what you need in writing or speech.,His inept handling of the meeting embarrassed the team.,from in- + aptus — not apt,"What does ""inept"" mean?",Clumsy or lacking skill.,"Give students 60 seconds to use ""inept"" in an original sentence that shows it means ""clumsy or lacking skill""."
2026-06-07,Convivial,adjective,con-viv-i-AL,hard,"friendly and lively, especially in social settings","Convivial is a adjective meaning friendly and lively, especially in social settings. Use it when that meaning is exactly what you need in writing or speech.",The dinner had a convivial atmosphere that lasted past midnight.,from convivium — feast,"What does ""convivial"" mean?","Friendly and lively, especially in social settings.","Give students 60 seconds to use ""convivial"" in an original sentence that shows it means ""friendly and lively, especially in social settings""."
2026-06-08,Infallible,adjective,in-fal-li-BLE,medium,incapable of making mistakes,Infallible is a adjective meaning incapable of making mistakes. Use it when that meaning is exactly what you need in writing or speech.,"No coach is infallible, even when winning.",from in- + fallere — not deceivable,"What does ""infallible"" mean?",Incapable of making mistakes.,"Give students 60 seconds to use ""infallible"" in an original sentence that shows it means ""incapable of making mistakes""."
2026-06-09,Prolific,adjective,pro-lif-IC,easy,producing a lot,Prolific is a adjective meaning producing a lot. Use it when that meaning is exactly what you need in writing or speech.,He was a prolific writer with twenty books in print.,from proles — offspring,"What does ""prolific"" mean?",Producing a lot.,"Give students 60 seconds to use ""prolific"" in an original sentence that shows it means ""producing a lot""."
2026-06-10,Proximity,noun,prox-im-i-TY,easy,closeness in space or time,Proximity is a noun meaning closeness in space or time. Use it when that meaning is exactly what you need in writing or speech.,The school's proximity to the park was a big selling point.,from proximus — nearest,"What does ""proximity"" mean?",Closeness in space or time.,"Give students 60 seconds to use ""proximity"" in an original sentence that shows it means ""closeness in space or time""."
2026-06-11,Insolent,adjective,in-so-LENT,medium,showing rude lack of respect,Insolent is a adjective meaning showing rude lack of respect. Use it when that meaning is exactly what you need in writing or speech.,The insolent reply got her sent to the principal.,"from insolens — unusual, haughty","What does ""insolent"" mean?",Showing rude lack of respect.,"Give students 60 seconds to use ""insolent"" in an original sentence that shows it means ""showing rude lack of respect""."
2026-06-12,Intrepid,adjective,in-trep-ID,medium,fearless and brave,Intrepid is a adjective meaning fearless and brave. Use it when that meaning is exactly what you need in writing or speech.,The intrepid explorer crossed the icy strait alone.,from in- + trepidus — not alarmed,"What does ""intrepid"" mean?",Fearless and brave.,"Give students 60 seconds to use ""intrepid"" in an original sentence that shows it means ""fearless and brave""."
2026-06-13,Credulous,adjective,cred-u-LOUS,hard,too willing to believe things without proof,Credulous is a adjective meaning too willing to believe things without proof. Use it when that meaning is exactly what you need in writing or speech.,Credulous voters fell for the obvious misinformation.,from credere — to believe,"What does ""credulous"" mean?",Too willing to believe things without proof.,"Give students 60 seconds to use ""credulous"" in an original sentence that shows it means ""too willing to believe things without proof""."
2026-06-14,Inundate,verb,in-un-DATE,medium,to flood or overwhelm,Inundate is a verb meaning to flood or overwhelm. Use it when that meaning is exactly what you need in writing or speech.,Emails inundated her inbox after the announcement.,from inundare — to overflow,"What does ""inundate"" mean?",To flood or overwhelm.,"Give students 60 seconds to use ""inundate"" in an original sentence that shows it means ""to flood or overwhelm""."
2026-06-15,Prudent,adjective,pru-DENT,easy,wise and careful about the future,Prudent is a adjective meaning wise and careful about the future. Use it when that meaning is exactly what you need in writing or speech.,It is prudent to save part of every paycheck.,from prudens — foreseeing,"What does ""prudent"" mean?",Wise and careful about the future.,"Give students 60 seconds to use ""prudent"" in an original sentence that shows it means ""wise and careful about the future""."
2026-06-16,Jovial,adjective,jo-vi-AL,medium,cheerful and friendly,Jovial is a adjective meaning cheerful and friendly. Use it when that meaning is exactly what you need in writing or speech.,Their jovial host kept the party laughing.,from Jovialis — of Jupiter,"What does ""jovial"" mean?",Cheerful and friendly.,"Give students 60 seconds to use ""jovial"" in an original sentence that shows it means ""cheerful and friendly""."
2026-06-17,Culpable,adjective,cul-pa-BLE,hard,deserving blame,Culpable is a adjective meaning deserving blame. Use it when that meaning is exactly what you need in writing or speech.,The court found the company culpable for the data leak.,from culpa — fault,"What does ""culpable"" mean?",Deserving blame.,"Give students 60 seconds to use ""culpable"" in an original sentence that shows it means ""deserving blame""."
2026-06-18,Judicious,adjective,ju-di-CIOUS,medium,showing good judgment,Judicious is a adjective meaning showing good judgment. Use it when that meaning is exactly what you need in writing or speech.,He made judicious use of the limited budget.,from judicium — judgment,"What does ""judicious"" mean?",Showing good judgment.,"Give students 60 seconds to use ""judicious"" in an original sentence that shows it means ""showing good judgment""."
2026-06-19,Quaint,adjective,QUAINT,easy,attractively unusual or old-fashioned,Quaint is a adjective meaning attractively unusual or old-fashioned. Use it when that meaning is exactly what you need in writing or speech.,The quaint village had cobblestone streets.,from cointe — clever,"What does ""quaint"" mean?",Attractively unusual or old-fashioned.,"Give students 60 seconds to use ""quaint"" in an original sentence that shows it means ""attractively unusual or old-fashioned""."
2026-06-20,Redundant,adjective,re-dun-DANT,easy,unnecessary because already said or done,Redundant is a adjective meaning unnecessary because already said or done. Use it when that meaning is exactly what you need in writing or speech.,He cut every redundant sentence from the draft.,from redundare — to overflow,"What does ""redundant"" mean?",Unnecessary because already said or done.,"Give students 60 seconds to use ""redundant"" in an original sentence that shows it means ""unnecessary because already said or done""."
2026-06-21,Juxtapose,verb,jux-ta-POSE,medium,to place side by side for comparison,Juxtapose is a verb meaning to place side by side for comparison. Use it when that meaning is exactly what you need in writing or speech.,The exhibit juxtaposes ancient and modern sculpture.,from juxta + ponere — to place near,"What does ""juxtapose"" mean?",To place side by side for comparison.,"Give students 60 seconds to use ""juxtapose"" in an original sentence that shows it means ""to place side by side for comparison""."
2026-06-22,Languid,adjective,lan-GUID,medium,slow and relaxed in a tired way,Languid is a adjective meaning slow and relaxed in a tired way. Use it when that meaning is exactly what you need in writing or speech.,They spent a languid Sunday by the lake.,from languere — to be weary,"What does ""languid"" mean?",Slow and relaxed in a tired way.,"Give students 60 seconds to use ""languid"" in an original sentence that shows it means ""slow and relaxed in a tired way""."
2026-06-23,Cursory,adjective,cur-so-RY,hard,done quickly without attention to detail,Cursory is a adjective meaning done quickly without attention to detail. Use it when that meaning is exactly what you need in writing or speech.,He gave the report only a cursory glance before signing.,from currere — to run,"What does ""cursory"" mean?",Done quickly without attention to detail.,"Give students 60 seconds to use ""cursory"" in an original sentence that shows it means ""done quickly without attention to detail""."
2026-06-24,Latent,adjective,la-TENT,medium,present but not yet active or visible,Latent is a adjective meaning present but not yet active or visible. Use it when that meaning is exactly what you need in writing or speech.,She had a latent talent for design that emerged in college.,from latere — to lie hidden,"What does ""latent"" mean?",Present but not yet active or visible.,"Give students 60 seconds to use ""latent"" in an original sentence that shows it means ""present but not yet active or visible""."
2026-06-25,Refute,verb,re-FUTE,easy,to prove a statement wrong,Refute is a verb meaning to prove a statement wrong. Use it when that meaning is exactly what you need in writing or speech.,New data helped refute the original theory.,from refutare — to repel,"What does ""refute"" mean?",To prove a statement wrong.,"Give students 60 seconds to use ""refute"" in an original sentence that shows it means ""to prove a statement wrong""."
2026-06-26,Laud,verb,LAUD,medium,to praise highly,Laud is a verb meaning to praise highly. Use it when that meaning is exactly what you need in writing or speech.,Critics lauded the novel for its careful research.,from laudare — to praise,"What does ""laud"" mean?",To praise highly.,"Give students 60 seconds to use ""laud"" in an original sentence that shows it means ""to praise highly""."
2026-06-27,Dearth,noun,DEARTH,hard,a shortage of something needed,Dearth is a noun meaning a shortage of something needed. Use it when that meaning is exactly what you need in writing or speech.,There was a dearth of housing in the booming city.,from Old English derth — costliness,"What does ""dearth"" mean?",A shortage of something needed.,"Give students 60 seconds to use ""dearth"" in an original sentence that shows it means ""a shortage of something needed""."
2026-06-28,Lethargic,adjective,le-thar-GIC,medium,sluggish and lacking energy,Lethargic is a adjective meaning sluggish and lacking energy. Use it when that meaning is exactly what you need in writing or speech.,The hot weather left the whole team lethargic.,from lethargos — forgetful,"What does ""lethargic"" mean?",Sluggish and lacking energy.,"Give students 60 seconds to use ""lethargic"" in an original sentence that shows it means ""sluggish and lacking energy""."
2026-06-29,Reiterate,verb,re-it-er-ATE,easy,to say something again,Reiterate is a verb meaning to say something again. Use it when that meaning is exactly what you need in writing or speech.,Let me reiterate that safety comes first.,from reiterare — to repeat,"What does ""reiterate"" mean?",To say something again.,"Give students 60 seconds to use ""reiterate"" in an original sentence that shows it means ""to say something again""."
2026-06-30,Remorse,noun,re-MORSE,easy,deep regret for wrongdoing,Remorse is a noun meaning deep regret for wrongdoing. Use it when that meaning is exactly what you need in writing or speech.,He showed real remorse at the sentencing.,from remordere — to bite back,"What does ""remorse"" mean?",Deep regret for wrongdoing.,"Give students 60 seconds to use ""remorse"" in an original sentence that shows it means ""deep regret for wrongdoing""."
2026-07-01,Linchpin,noun,linch-PIN,medium,the most important part that holds things together,Linchpin is a noun meaning the most important part that holds things together. Use it when that meaning is exactly what you need in writing or speech.,The captain was the linchpin of their winning season.,from lynspin — wheel-axle pin,"What does ""linchpin"" mean?",The most important part that holds things together.,"Give students 60 seconds to use ""linchpin"" in an original sentence that shows it means ""the most important part that holds things together""."
2026-07-02,Malevolent,adjective,ma-lev-o-LENT,medium,wishing harm to others,Malevolent is a adjective meaning wishing harm to others. Use it when that meaning is exactly what you need in writing or speech.,The villain's malevolent grin chilled the audience.,from male + velle — ill wishing,"What does ""malevolent"" mean?",Wishing harm to others.,"Give students 60 seconds to use ""malevolent"" in an original sentence that shows it means ""wishing harm to others""."
2026-07-03,Debacle,noun,de-ba-CLE,hard,a sudden and total failure,Debacle is a noun meaning a sudden and total failure. Use it when that meaning is exactly what you need in writing or speech.,The product launch was a debacle the company never recovered from.,from debacler — to unbar,"What does ""debacle"" mean?",A sudden and total failure.,"Give students 60 seconds to use ""debacle"" in an original sentence that shows it means ""a sudden and total failure""."
2026-07-04,Malign,verb,ma-LIGN,medium,to speak badly about someone unfairly,Malign is a verb meaning to speak badly about someone unfairly. Use it when that meaning is exactly what you need in writing or speech.,Reporters refused to malign him without proof.,from malignus — wicked,"What does ""malign"" mean?",To speak badly about someone unfairly.,"Give students 60 seconds to use ""malign"" in an original sentence that shows it means ""to speak badly about someone unfairly""."
2026-07-05,Robust,adjective,ro-BUST,easy,strong and healthy or sturdy,Robust is a adjective meaning strong and healthy or sturdy. Use it when that meaning is exactly what you need in writing or speech.,The bridge has a robust design able to handle heavy trucks.,from robustus — strong,"What does ""robust"" mean?",Strong and healthy or sturdy.,"Give students 60 seconds to use ""robust"" in an original sentence that shows it means ""strong and healthy or sturdy""."
2026-07-06,Mitigate,verb,mit-i-GATE,medium,to make less severe,Mitigate is a verb meaning to make less severe. Use it when that meaning is exactly what you need in writing or speech.,Sandbags helped mitigate flood damage.,from mitigare — to soften,"What does ""mitigate"" mean?",To make less severe.,"Give students 60 seconds to use ""mitigate"" in an original sentence that shows it means ""to make less severe""."
2026-07-07,Deleterious,adjective,del-e-te-ri-OUS,hard,causing harm or damage,Deleterious is a adjective meaning causing harm or damage. Use it when that meaning is exactly what you need in writing or speech.,Long screen time can have a deleterious effect on sleep.,from deleterios — destructive,"What does ""deleterious"" mean?",Causing harm or damage.,"Give students 60 seconds to use ""deleterious"" in an original sentence that shows it means ""causing harm or damage""."
2026-07-08,Morose,adjective,mo-ROSE,medium,gloomy and silent,Morose is a adjective meaning gloomy and silent. Use it when that meaning is exactly what you need in writing or speech.,He grew morose after losing the championship match.,from morosus — peevish,"What does ""morose"" mean?",Gloomy and silent.,"Give students 60 seconds to use ""morose"" in an original sentence that shows it means ""gloomy and silent""."
2026-07-09,Scant,adjective,SCANT,easy,barely enough,Scant is a adjective meaning barely enough. Use it when that meaning is exactly what you need in writing or speech.,There was scant evidence to support the rumor.,from Old Norse skammr — short,"What does ""scant"" mean?",Barely enough.,"Give students 60 seconds to use ""scant"" in an original sentence that shows it means ""barely enough""."
2026-07-10,Scrutinize,verb,scru-ti-NIZE,easy,to examine closely,Scrutinize is a verb meaning to examine closely. Use it when that meaning is exactly what you need in writing or speech.,Auditors will scrutinize every expense in the report.,from scrutari — to search,"What does ""scrutinize"" mean?",To examine closely.,"Give students 60 seconds to use ""scrutinize"" in an original sentence that shows it means ""to examine closely""."
2026-07-11,Myriad,noun,myr-i-AD,medium,a very large number,Myriad is a noun meaning a very large number. Use it when that meaning is exactly what you need in writing or speech.,There are a myriad of reasons to learn a second language.,from myrias — ten thousand,"What does ""myriad"" mean?",A very large number.,"Give students 60 seconds to use ""myriad"" in an original sentence that shows it means ""a very large number""."
2026-07-12,Nominal,adjective,nom-i-NAL,medium,in name only; very small in amount,Nominal is a adjective meaning in name only; very small in amount. Use it when that meaning is exactly what you need in writing or speech.,They paid a nominal fee for the membership.,from nomen — name,"What does ""nominal"" mean?",In name only; very small in amount.,"Give students 60 seconds to use ""nominal"" in an original sentence that shows it means ""in name only; very small in amount""."
2026-07-13,Demagogue,noun,dem-a-GOGUE,hard,a leader who stirs up emotions to gain power,Demagogue is a noun meaning a leader who stirs up emotions to gain power. Use it when that meaning is exactly what you need in writing or speech.,The crowd was easily swayed by the demagogue's angry speech.,from demos + agogos — people leader,"What does ""demagogue"" mean?",A leader who stirs up emotions to gain power.,"Give students 60 seconds to use ""demagogue"" in an original sentence that shows it means ""a leader who stirs up emotions to gain power""."
2026-07-14,Nonchalant,adjective,non-cha-LANT,medium,calm and seemingly unconcerned,Nonchalant is a adjective meaning calm and seemingly unconcerned. Use it when that meaning is exactly what you need in writing or speech.,He acted nonchalant even though he had won the lottery.,from non + chaloir — not caring,"What does ""nonchalant"" mean?",Calm and seemingly unconcerned.,"Give students 60 seconds to use ""nonchalant"" in an original sentence that shows it means ""calm and seemingly unconcerned""."
2026-07-15,Sinister,adjective,sin-is-TER,easy,giving the impression of evil or harm,Sinister is a adjective meaning giving the impression of evil or harm. Use it when that meaning is exactly what you need in writing or speech.,There was a sinister tone in the anonymous note.,from sinister — left side,"What does ""sinister"" mean?",Giving the impression of evil or harm.,"Give students 60 seconds to use ""sinister"" in an original sentence that shows it means ""giving the impression of evil or harm""."
2026-07-16,Noxious,adjective,nox-IOUS,medium,harmful or poisonous,Noxious is a adjective meaning harmful or poisonous. Use it when that meaning is exactly what you need in writing or speech.,The factory released noxious fumes into the river valley.,from noxa — harm,"What does ""noxious"" mean?",Harmful or poisonous.,"Give students 60 seconds to use ""noxious"" in an original sentence that shows it means ""harmful or poisonous""."
2026-07-17,Denigrate,verb,den-i-GRATE,hard,to attack the reputation of someone,Denigrate is a verb meaning to attack the reputation of someone. Use it when that meaning is exactly what you need in writing or speech.,He refused to denigrate his opponent in the debate.,from denigrare — to blacken,"What does ""denigrate"" mean?",To attack the reputation of someone.,"Give students 60 seconds to use ""denigrate"" in an original sentence that shows it means ""to attack the reputation of someone""."
2026-07-18,Obstinate,adjective,ob-sti-NATE,medium,refusing to change one's mind,Obstinate is a adjective meaning refusing to change one's mind. Use it when that meaning is exactly what you need in writing or speech.,The obstinate child refused to wear a coat.,from obstinare — to persist,"What does ""obstinate"" mean?",Refusing to change one's mind.,"Give students 60 seconds to use ""obstinate"" in an original sentence that shows it means ""refusing to change one's mind""."
2026-07-19,Sparse,adjective,SPARSE,easy,thinly scattered,Sparse is a adjective meaning thinly scattered. Use it when that meaning is exactly what you need in writing or speech.,The trees were sparse along the dry ridge.,from sparsus — scattered,"What does ""sparse"" mean?",Thinly scattered.,"Give students 60 seconds to use ""sparse"" in an original sentence that shows it means ""thinly scattered""."
2026-07-20,Stagnant,adjective,stag-NANT,easy,not moving or developing,Stagnant is a adjective meaning not moving or developing. Use it when that meaning is exactly what you need in writing or speech.,Sales remained stagnant for two quarters.,from stagnum — pool,"What does ""stagnant"" mean?",Not moving or developing.,"Give students 60 seconds to use ""stagnant"" in an original sentence that shows it means ""not moving or developing""."
2026-07-21,Obtuse,adjective,ob-TUSE,medium,slow to understand,Obtuse is a adjective meaning slow to understand. Use it when that meaning is exactly what you need in writing or speech.,He was being obtuse on purpose just to argue.,from obtusus — dull,"What does ""obtuse"" mean?",Slow to understand.,"Give students 60 seconds to use ""obtuse"" in an original sentence that shows it means ""slow to understand""."
2026-07-22,Opaque,adjective,o-PAQUE,medium,hard to see through or hard to understand,Opaque is a adjective meaning hard to see through or hard to understand. Use it when that meaning is exactly what you need in writing or speech.,His explanation was opaque to anyone outside the field.,from opacus — shaded,"What does ""opaque"" mean?",Hard to see through or hard to understand.,"Give students 60 seconds to use ""opaque"" in an original sentence that shows it means ""hard to see through or hard to understand""."
2026-07-23,Diatribe,noun,di-a-TRIBE,hard,"a bitter, angry speech of criticism","Diatribe is a noun meaning a bitter, angry speech of criticism. Use it when that meaning is exactly what you need in writing or speech.",The coach launched into a diatribe about lazy play.,from diatribein — to wear away,"What does ""diatribe"" mean?","A bitter, angry speech of criticism.","Give students 60 seconds to use ""diatribe"" in an original sentence that shows it means ""a bitter, angry speech of criticism""."
2026-07-24,Opulent,adjective,op-u-LENT,medium,rich and luxurious,Opulent is a adjective meaning rich and luxurious. Use it when that meaning is exactly what you need in writing or speech.,They danced beneath an opulent crystal chandelier.,from opulens — wealthy,"What does ""opulent"" mean?",Rich and luxurious.,"Give students 60 seconds to use ""opulent"" in an original sentence that shows it means ""rich and luxurious""."
2026-07-25,Static,adjective,stat-IC,easy,not changing or moving,Static is a adjective meaning not changing or moving. Use it when that meaning is exactly what you need in writing or speech.,The image on the screen stayed static for a minute.,from statikos — causing to stand,"What does ""static"" mean?",Not changing or moving.,"Give students 60 seconds to use ""static"" in an original sentence that shows it means ""not changing or moving""."
2026-07-26,Palatable,adjective,pal-at-a-BLE,medium,pleasant enough to accept or taste,Palatable is a adjective meaning pleasant enough to accept or taste. Use it when that meaning is exactly what you need in writing or speech.,The compromise was palatable to both unions.,from palatum — palate,"What does ""palatable"" mean?",Pleasant enough to accept or taste.,"Give students 60 seconds to use ""palatable"" in an original sentence that shows it means ""pleasant enough to accept or taste""."
2026-07-27,Didactic,adjective,di-dac-TIC,hard,"intended to teach, often in a preachy way","Didactic is a adjective meaning intended to teach, often in a preachy way. Use it when that meaning is exactly what you need in writing or speech.",The novel was too didactic to feel like a real story.,from didaktikos — apt at teaching,"What does ""didactic"" mean?","Intended to teach, often in a preachy way.","Give students 60 seconds to use ""didactic"" in an original sentence that shows it means ""intended to teach, often in a preachy way""."
2026-07-28,Paradigm,noun,par-a-DIGM,medium,a typical pattern or model,Paradigm is a noun meaning a typical pattern or model. Use it when that meaning is exactly what you need in writing or speech.,Electric cars are creating a new paradigm in transportation.,from paradeigma — pattern,"What does ""paradigm"" mean?",A typical pattern or model.,"Give students 60 seconds to use ""paradigm"" in an original sentence that shows it means ""a typical pattern or model""."
2026-07-29,Submissive,adjective,sub-mis-SIVE,easy,willing to obey others,Submissive is a adjective meaning willing to obey others. Use it when that meaning is exactly what you need in writing or speech.,He was too submissive to push back against unfair work.,from submittere — to lower,"What does ""submissive"" mean?",Willing to obey others.,"Give students 60 seconds to use ""submissive"" in an original sentence that shows it means ""willing to obey others""."
2026-07-30,Tedious,adjective,te-di-OUS,easy,"long, slow, and boring","Tedious is a adjective meaning long, slow, and boring. Use it when that meaning is exactly what you need in writing or speech.",Sorting the files was tedious but necessary.,from taedium — weariness,"What does ""tedious"" mean?","Long, slow, and boring.","Give students 60 seconds to use ""tedious"" in an original sentence that shows it means ""long, slow, and boring""."
2026-07-31,Partisan,adjective,par-ti-SAN,medium,strongly supporting one side,Partisan is a adjective meaning strongly supporting one side. Use it when that meaning is exactly what you need in writing or speech.,The bill failed along partisan lines.,from partisan — supporter,"What does ""partisan"" mean?",Strongly supporting one side.,"Give students 60 seconds to use ""partisan"" in an original sentence that shows it means ""strongly supporting one side""."
2026-08-01,Penchant,noun,pen-CHANT,medium,a strong liking,Penchant is a noun meaning a strong liking. Use it when that meaning is exactly what you need in writing or speech.,She had a penchant for old detective novels.,from pencher — to incline,"What does ""penchant"" mean?",A strong liking.,"Give students 60 seconds to use ""penchant"" in an original sentence that shows it means ""a strong liking""."
2026-08-02,Diffident,adjective,dif-fi-DENT,hard,lacking confidence; shy,Diffident is a adjective meaning lacking confidence; shy. Use it when that meaning is exactly what you need in writing or speech.,He was too diffident to raise his hand even when he knew the answer.,from diffidere — to distrust,"What does ""diffident"" mean?",Lacking confidence; shy.,"Give students 60 seconds to use ""diffident"" in an original sentence that shows it means ""lacking confidence; shy""."
2026-08-03,Pertinent,adjective,per-ti-NENT,medium,directly related to the matter,Pertinent is a adjective meaning directly related to the matter. Use it when that meaning is exactly what you need in writing or speech.,Please share only pertinent information in the email.,from pertinere — to relate,"What does ""pertinent"" mean?",Directly related to the matter.,"Give students 60 seconds to use ""pertinent"" in an original sentence that shows it means ""directly related to the matter""."
2026-08-04,Temperate,adjective,tem-per-ATE,easy,moderate; not extreme,Temperate is a adjective meaning moderate; not extreme. Use it when that meaning is exactly what you need in writing or speech.,They live in a temperate climate without harsh winters.,from temperare — to mix,"What does ""temperate"" mean?",Moderate; not extreme.,"Give students 60 seconds to use ""temperate"" in an original sentence that shows it means ""moderate; not extreme""."
2026-08-05,Perturb,verb,per-TURB,medium,to make someone feel anxious,Perturb is a verb meaning to make someone feel anxious. Use it when that meaning is exactly what you need in writing or speech.,The strange noise perturbed the campers all night.,from perturbare — to disturb,"What does ""perturb"" mean?",To make someone feel anxious.,"Give students 60 seconds to use ""perturb"" in an original sentence that shows it means ""to make someone feel anxious""."
2026-08-06,Disparage,verb,dis-par-AGE,hard,to belittle or speak of with contempt,Disparage is a verb meaning to belittle or speak of with contempt. Use it when that meaning is exactly what you need in writing or speech.,Do not disparage colleagues who try and fail.,from desparagier — to marry below rank,"What does ""disparage"" mean?",To belittle or speak of with contempt.,"Give students 60 seconds to use ""disparage"" in an original sentence that shows it means ""to belittle or speak of with contempt""."
2026-08-07,Philanthropy,noun,phi-lan-thro-PY,medium,the practice of giving to help others,Philanthropy is a noun meaning the practice of giving to help others. Use it when that meaning is exactly what you need in writing or speech.,Her philanthropy funded scholarships for years.,from philos + anthropos — loving people,"What does ""philanthropy"" mean?",The practice of giving to help others.,"Give students 60 seconds to use ""philanthropy"" in an original sentence that shows it means ""the practice of giving to help others""."
2026-08-08,Undermine,verb,un-der-MINE,easy,to weaken slowly from below,Undermine is a verb meaning to weaken slowly from below. Use it when that meaning is exactly what you need in writing or speech.,Constant complaints can undermine team trust.,from under + mine — to dig beneath,"What does ""undermine"" mean?",To weaken slowly from below.,"Give students 60 seconds to use ""undermine"" in an original sentence that shows it means ""to weaken slowly from below""."
2026-08-09,Viable,adjective,vi-a-BLE,easy,capable of working successfully,Viable is a adjective meaning capable of working successfully. Use it when that meaning is exactly what you need in writing or speech.,They came up with a viable plan to cut costs.,from vie — life,"What does ""viable"" mean?",Capable of working successfully.,"Give students 60 seconds to use ""viable"" in an original sentence that shows it means ""capable of working successfully""."
2026-08-10,Placate,verb,pla-CATE,medium,to calm someone who is upset,Placate is a verb meaning to calm someone who is upset. Use it when that meaning is exactly what you need in writing or speech.,She offered a refund to placate the angry buyer.,from placare — to soothe,"What does ""placate"" mean?",To calm someone who is upset.,"Give students 60 seconds to use ""placate"" in an original sentence that shows it means ""to calm someone who is upset""."
2026-08-11,Ponderous,adjective,pon-der-OUS,medium,slow and heavy; dull,Ponderous is a adjective meaning slow and heavy; dull. Use it when that meaning is exactly what you need in writing or speech.,The book had a ponderous opening chapter.,from pondus — weight,"What does ""ponderous"" mean?",Slow and heavy; dull.,"Give students 60 seconds to use ""ponderous"" in an original sentence that shows it means ""slow and heavy; dull""."
2026-08-12,Disparate,adjective,dis-pa-RATE,hard,clearly different in kind,Disparate is a adjective meaning clearly different in kind. Use it when that meaning is exactly what you need in writing or speech.,The committee brought together disparate viewpoints.,from disparare — to separate,"What does ""disparate"" mean?",Clearly different in kind.,"Give students 60 seconds to use ""disparate"" in an original sentence that shows it means ""clearly different in kind""."
2026-08-13,Precarious,adjective,pre-car-i-OUS,medium,unstable and risky,Precarious is a adjective meaning unstable and risky. Use it when that meaning is exactly what you need in writing or speech.,The vase sat in a precarious spot on the shelf.,from precarius — obtained by prayer,"What does ""precarious"" mean?",Unstable and risky.,"Give students 60 seconds to use ""precarious"" in an original sentence that shows it means ""unstable and risky""."
2026-08-14,Vigilant,adjective,vig-i-LANT,easy,keeping careful watch for danger,Vigilant is a adjective meaning keeping careful watch for danger. Use it when that meaning is exactly what you need in writing or speech.,Lifeguards must stay vigilant all afternoon.,from vigilare — to keep watch,"What does ""vigilant"" mean?",Keeping careful watch for danger.,"Give students 60 seconds to use ""vigilant"" in an original sentence that shows it means ""keeping careful watch for danger""."
2026-08-15,Precocious,adjective,pre-co-CIOUS,medium,developing ability earlier than usual,Precocious is a adjective meaning developing ability earlier than usual. Use it when that meaning is exactly what you need in writing or speech.,The precocious child read at a high-school level by age seven.,from praecox — ripened early,"What does ""precocious"" mean?",Developing ability earlier than usual.,"Give students 60 seconds to use ""precocious"" in an original sentence that shows it means ""developing ability earlier than usual""."
2026-08-16,Dogmatic,adjective,dog-mat-IC,hard,stubbornly insistent that one's views are correct,Dogmatic is a adjective meaning stubbornly insistent that one's views are correct. Use it when that meaning is exactly what you need in writing or speech.,His dogmatic style made open discussion impossible.,from dogma — opinion,"What does ""dogmatic"" mean?",Stubbornly insistent that one's views are correct.,"Give students 60 seconds to use ""dogmatic"" in an original sentence that shows it means ""stubbornly insistent that one's views are correct""."
2026-08-17,Preeminent,adjective,pre-em-i-NENT,medium,better than all others,Preeminent is a adjective meaning better than all others. Use it when that meaning is exactly what you need in writing or speech.,She is the preeminent scholar in her field.,from praeeminere — to surpass,"What does ""preeminent"" mean?",Better than all others.,"Give students 60 seconds to use ""preeminent"" in an original sentence that shows it means ""better than all others""."
2026-08-18,Wane,verb,WANE,easy,to gradually decrease,Wane is a verb meaning to gradually decrease. Use it when that meaning is exactly what you need in writing or speech.,His interest in the hobby began to wane after a year.,from Old English wanian — to lessen,"What does ""wane"" mean?",To gradually decrease.,"Give students 60 seconds to use ""wane"" in an original sentence that shows it means ""to gradually decrease""."
2026-08-19,Wary,adjective,wa-RY,easy,cautious of possible danger,Wary is a adjective meaning cautious of possible danger. Use it when that meaning is exactly what you need in writing or speech.,Be wary of links from unknown senders.,from Old English waer — aware,"What does ""wary"" mean?",Cautious of possible danger.,"Give students 60 seconds to use ""wary"" in an original sentence that shows it means ""cautious of possible danger""."
2026-08-20,Pretentious,adjective,pre-ten-TIOUS,medium,trying to seem more important than one is,Pretentious is a adjective meaning trying to seem more important than one is. Use it when that meaning is exactly what you need in writing or speech.,His pretentious vocabulary lost half the audience.,from praetendere — to claim,"What does ""pretentious"" mean?",Trying to seem more important than one is.,"Give students 60 seconds to use ""pretentious"" in an original sentence that shows it means ""trying to seem more important than one is""."
2026-08-21,Pristine,adjective,pris-TINE,medium,perfectly clean and untouched,Pristine is a adjective meaning perfectly clean and untouched. Use it when that meaning is exactly what you need in writing or speech.,The pristine lake reflected the sky like glass.,"from pristinus — former, original","What does ""pristine"" mean?",Perfectly clean and untouched.,"Give students 60 seconds to use ""pristine"" in an original sentence that shows it means ""perfectly clean and untouched""."
2026-08-22,Duplicitous,adjective,du-plic-i-TOUS,hard,deceptive in speech or action,Duplicitous is a adjective meaning deceptive in speech or action. Use it when that meaning is exactly what you need in writing or speech.,His duplicitous behavior cost him several close friends.,from duplex — double,"What does ""duplicitous"" mean?",Deceptive in speech or action.,"Give students 60 seconds to use ""duplicitous"" in an original sentence that shows it means ""deceptive in speech or action""."
2026-08-23,Profuse,adjective,pro-FUSE,medium,in great amounts,Profuse is a adjective meaning in great amounts. Use it when that meaning is exactly what you need in writing or speech.,He gave profuse thanks for the small favor.,from profundere — to pour out,"What does ""profuse"" mean?",In great amounts.,"Give students 60 seconds to use ""profuse"" in an original sentence that shows it means ""in great amounts""."
2026-08-24,Yearn,verb,YEARN,easy,to want something deeply,Yearn is a verb meaning to want something deeply. Use it when that meaning is exactly what you need in writing or speech.,He began to yearn for the quiet of his hometown.,from Old English giernan — to desire,"What does ""yearn"" mean?",To want something deeply.,"Give students 60 seconds to use ""yearn"" in an original sentence that shows it means ""to want something deeply""."
2026-08-25,Proliferate,verb,pro-lif-er-ATE,medium,to increase rapidly,Proliferate is a verb meaning to increase rapidly. Use it when that meaning is exactly what you need in writing or speech.,App downloads proliferated after the viral video.,from proles + ferre — offspring bearing,"What does ""proliferate"" mean?",To increase rapidly.,"Give students 60 seconds to use ""proliferate"" in an original sentence that shows it means ""to increase rapidly""."
2026-08-26,Ebullient,adjective,e-bul-li-ENT,hard,cheerfully full of energy,Ebullient is a adjective meaning cheerfully full of energy. Use it when that meaning is exactly what you need in writing or speech.,The ebullient crowd cheered every play.,from ebullire — to bubble out,"What does ""ebullient"" mean?",Cheerfully full of energy.,"Give students 60 seconds to use ""ebullient"" in an original sentence that shows it means ""cheerfully full of energy""."
2026-08-27,Pungent,adjective,pun-GENT,medium,"having a strong, sharp smell or taste","Pungent is a adjective meaning having a strong, sharp smell or taste. Use it when that meaning is exactly what you need in writing or speech.",The pungent garlic filled the whole kitchen.,from pungere — to prick,"What does ""pungent"" mean?","Having a strong, sharp smell or taste.","Give students 60 seconds to use ""pungent"" in an original sentence that shows it means ""having a strong, sharp smell or taste""."
2026-08-28,Zeal,noun,ZEAL,easy,great energy or enthusiasm,Zeal is a noun meaning great energy or enthusiasm. Use it when that meaning is exactly what you need in writing or speech.,She pursued her studies with quiet zeal.,from zelos — eagerness,"What does ""zeal"" mean?",Great energy or enthusiasm.,"Give students 60 seconds to use ""zeal"" in an original sentence that shows it means ""great energy or enthusiasm""."
2026-08-29,Beautiful,adjective,BEAUTIFUL,easy,delighting the senses or exciting intellectual or emotional admiration,Beautiful is a adjective meaning delighting the senses or exciting intellectual or emotional admiration. Use it when that meaning is exactly what you need in writing or speech.,"She chose the word ""Beautiful"" because she meant delighting the senses or exciting intellectual or emotional admiration.",Remember Beautiful: it means delighting the senses or exciting intellectual or emotional admiration.,"What does ""Beautiful"" mean?",Delighting the senses or exciting intellectual or emotional admiration.,"Give students 60 seconds to use ""Beautiful"" in an original sentence that shows it means ""delighting the senses or exciting intellectual or emotional admiration""."
2026-08-30,Quandary,noun,quan-da-RY,medium,a state of uncertainty about what to do,Quandary is a noun meaning a state of uncertainty about what to do. Use it when that meaning is exactly what you need in writing or speech.,He was in a quandary about which job to accept.,"origin uncertain, 16th-century English","What does ""quandary"" mean?",A state of uncertainty about what to do.,"Give students 60 seconds to use ""quandary"" in an original sentence that shows it means ""a state of uncertainty about what to do""."
2026-08-31,Rapport,noun,rap-PORT,medium,a close and friendly relationship,Rapport is a noun meaning a close and friendly relationship. Use it when that meaning is exactly what you need in writing or speech.,The therapist built rapport with her clients quickly.,from rapporter — to bring back,"What does ""rapport"" mean?",A close and friendly relationship.,"Give students 60 seconds to use ""rapport"" in an original sentence that shows it means ""a close and friendly relationship""."
2026-09-01,Effusive,adjective,ef-fu-SIVE,hard,expressing feelings in a very emotional or overflowing way,Effusive is a adjective meaning expressing feelings in a very emotional or overflowing way. Use it when that meaning is exactly what you need in writing or speech.,Her effusive thanks made the host blush.,from effundere — to pour out,"What does ""effusive"" mean?",Expressing feelings in a very emotional or overflowing way.,"Give students 60 seconds to use ""effusive"" in an original sentence that shows it means ""expressing feelings in a very emotional or overflowing way""."
2026-09-02,Rebuke,verb,re-BUKE,medium,to scold sharply,Rebuke is a verb meaning to scold sharply. Use it when that meaning is exactly what you need in writing or speech.,The principal rebuked the students for skipping class.,from rebuchier — to beat back,"What does ""rebuke"" mean?",To scold sharply.,"Give students 60 seconds to use ""rebuke"" in an original sentence that shows it means ""to scold sharply""."
2026-09-03,Bitter,adjective,BITTER,easy,"having a sharp, pungent taste; feeling angry and resentful","Bitter is a adjective meaning having a sharp, pungent taste; feeling angry and resentful. Use it when that meaning is exactly what you need in writing or speech.","She chose the word ""Bitter"" because she meant having a sharp, pungent taste; feeling angry and resentful.","Remember Bitter: it means having a sharp, pungent taste; feeling angry and resentful.","What does ""Bitter"" mean?","Having a sharp, pungent taste; feeling angry and resentful.","Give students 60 seconds to use ""Bitter"" in an original sentence that shows it means ""having a sharp, pungent taste; feeling angry and resentful""."
2026-09-04,Reciprocal,adjective,re-cip-ro-CAL,medium,given and received in return,Reciprocal is a adjective meaning given and received in return. Use it when that meaning is exactly what you need in writing or speech.,Their friendship was based on reciprocal respect.,from reciprocus — alternating,"What does ""reciprocal"" mean?",Given and received in return.,"Give students 60 seconds to use ""reciprocal"" in an original sentence that shows it means ""given and received in return""."
2026-09-05,Egregious,adjective,e-gre-GIOUS,hard,shockingly bad or noticeable,Egregious is a adjective meaning shockingly bad or noticeable. Use it when that meaning is exactly what you need in writing or speech.,The official made an egregious error during the broadcast.,from egregius — distinguished,"What does ""egregious"" mean?",Shockingly bad or noticeable.,"Give students 60 seconds to use ""egregious"" in an original sentence that shows it means ""shockingly bad or noticeable""."
2026-09-06,Recluse,noun,rec-LUSE,medium,a person who lives alone away from others,Recluse is a noun meaning a person who lives alone away from others. Use it when that meaning is exactly what you need in writing or speech.,The famous writer became a recluse in his later years.,from recludere — to shut away,"What does ""recluse"" mean?",A person who lives alone away from others.,"Give students 60 seconds to use ""recluse"" in an original sentence that shows it means ""a person who lives alone away from others""."
2026-09-07,Boldly,adverb,BOLDLY,easy,in a confident and courageous way,Boldly is a adverb meaning in a confident and courageous way. Use it when that meaning is exactly what you need in writing or speech.,"She chose the word ""Boldly"" because she meant in a confident and courageous way.",Remember Boldly: it means in a confident and courageous way.,"What does ""Boldly"" mean?",In a confident and courageous way.,"Give students 60 seconds to use ""Boldly"" in an original sentence that shows it means ""in a confident and courageous way""."
2026-09-08,Brave,adjective,BRAVE,easy,ready to face danger without showing fear,Brave is a adjective meaning ready to face danger without showing fear. Use it when that meaning is exactly what you need in writing or speech.,"She chose the word ""Brave"" because she meant ready to face danger without showing fear.",Remember Brave: it means ready to face danger without showing fear.,"What does ""Brave"" mean?",Ready to face danger without showing fear.,"Give students 60 seconds to use ""Brave"" in an original sentence that shows it means ""ready to face danger without showing fear""."
2026-09-09,Relinquish,verb,re-lin-QUISH,medium,to give up something willingly,Relinquish is a verb meaning to give up something willingly. Use it when that meaning is exactly what you need in writing or speech.,She had to relinquish control of the company.,from relinquere — to leave behind,"What does ""relinquish"" mean?",To give up something willingly.,"Give students 60 seconds to use ""relinquish"" in an original sentence that shows it means ""to give up something willingly""."
2026-09-10,Renown,noun,re-NOWN,medium,the state of being widely known,Renown is a noun meaning the state of being widely known. Use it when that meaning is exactly what you need in writing or speech.,The chef gained renown for her bold flavors.,from renomer — to make famous,"What does ""renown"" mean?",The state of being widely known.,"Give students 60 seconds to use ""renown"" in an original sentence that shows it means ""the state of being widely known""."
2026-09-11,Emaciated,adjective,e-ma-ci-at-ED,hard,abnormally thin from hunger or illness,Emaciated is a adjective meaning abnormally thin from hunger or illness. Use it when that meaning is exactly what you need in writing or speech.,The rescued dog was emaciated and needed careful feeding.,from emaciare — to make lean,"What does ""emaciated"" mean?",Abnormally thin from hunger or illness.,"Give students 60 seconds to use ""emaciated"" in an original sentence that shows it means ""abnormally thin from hunger or illness""."
2026-09-12,Reproach,verb,re-PROACH,medium,to express disappointment to someone,Reproach is a verb meaning to express disappointment to someone. Use it when that meaning is exactly what you need in writing or speech.,"She did not reproach him, though she was hurt.",from reprochier — to bring close,"What does ""reproach"" mean?",To express disappointment to someone.,"Give students 60 seconds to use ""reproach"" in an original sentence that shows it means ""to express disappointment to someone""."
2026-09-13,Brisk,adjective,BRISK,easy,"active, fast, and energetic","Brisk is a adjective meaning active, fast, and energetic. Use it when that meaning is exactly what you need in writing or speech.","She chose the word ""Brisk"" because she meant active, fast, and energetic.","Remember Brisk: it means active, fast, and energetic.","What does ""Brisk"" mean?","Active, fast, and energetic.","Give students 60 seconds to use ""Brisk"" in an original sentence that shows it means ""active, fast, and energetic""."
2026-09-14,Rescind,verb,re-SCIND,medium,to officially cancel,Rescind is a verb meaning to officially cancel. Use it when that meaning is exactly what you need in writing or speech.,The college had to rescind several admission offers.,from rescindere — to cut off,"What does ""rescind"" mean?",To officially cancel.,"Give students 60 seconds to use ""rescind"" in an original sentence that shows it means ""to officially cancel""."
2026-09-15,Enervate,verb,en-er-VATE,hard,to drain of energy or strength,Enervate is a verb meaning to drain of energy or strength. Use it when that meaning is exactly what you need in writing or speech.,The long heat wave seemed to enervate the entire town.,from enervare — to weaken,"What does ""enervate"" mean?",To drain of energy or strength.,"Give students 60 seconds to use ""enervate"" in an original sentence that shows it means ""to drain of energy or strength""."
2026-09-16,Reverence,noun,rev-er-ENCE,medium,deep respect,Reverence is a noun meaning deep respect. Use it when that meaning is exactly what you need in writing or speech.,The crowd held a moment of reverence for the late hero.,from revereri — to stand in awe,"What does ""reverence"" mean?",Deep respect.,"Give students 60 seconds to use ""reverence"" in an original sentence that shows it means ""deep respect""."
2026-09-17,Calmly,adverb,CALMLY,easy,in a composed and relaxed manner,Calmly is a adverb meaning in a composed and relaxed manner. Use it when that meaning is exactly what you need in writing or speech.,"She chose the word ""Calmly"" because she meant in a composed and relaxed manner.",Remember Calmly: it means in a composed and relaxed manner.,"What does ""Calmly"" mean?",In a composed and relaxed manner.,"Give students 60 seconds to use ""Calmly"" in an original sentence that shows it means ""in a composed and relaxed manner""."
2026-09-18,Careful,adjective,CAREFUL,easy,making sure of avoiding potential danger or error,Careful is a adjective meaning making sure of avoiding potential danger or error. Use it when that meaning is exactly what you need in writing or speech.,"She chose the word ""Careful"" because she meant making sure of avoiding potential danger or error.",Remember Careful: it means making sure of avoiding potential danger or error.,"What does ""Careful"" mean?",Making sure of avoiding potential danger or error.,"Give students 60 seconds to use ""Careful"" in an original sentence that shows it means ""making sure of avoiding potential danger or error""."
2026-09-19,Rhetoric,noun,rhet-o-RIC,medium,the art of persuasive speaking or writing,Rhetoric is a noun meaning the art of persuasive speaking or writing. Use it when that meaning is exactly what you need in writing or speech.,His rhetoric stirred the crowd but offered no plan.,from rhetorike — art of speech,"What does ""rhetoric"" mean?",The art of persuasive speaking or writing.,"Give students 60 seconds to use ""rhetoric"" in an original sentence that shows it means ""the art of persuasive speaking or writing""."
2026-09-20,Salient,adjective,sa-li-ENT,medium,most noticeable or important,Salient is a adjective meaning most noticeable or important. Use it when that meaning is exactly what you need in writing or speech.,Please list the salient points of the report.,from salire — to leap,"What does ""salient"" mean?",Most noticeable or important.,"Give students 60 seconds to use ""salient"" in an original sentence that shows it means ""most noticeable or important""."
2026-09-21,Engender,verb,en-gen-DER,hard,to cause something to develop,Engender is a verb meaning to cause something to develop. Use it when that meaning is exactly what you need in writing or speech.,The policy engendered widespread debate among teachers.,from ingenerare — to produce,"What does ""engender"" mean?",To cause something to develop.,"Give students 60 seconds to use ""engender"" in an original sentence that shows it means ""to cause something to develop""."
2026-09-22,Scrupulous,adjective,scru-pu-LOUS,medium,"careful, honest, and thorough","Scrupulous is a adjective meaning careful, honest, and thorough. Use it when that meaning is exactly what you need in writing or speech.",She was scrupulous in tracking every receipt.,from scrupulus — sharp stone,"What does ""scrupulous"" mean?","Careful, honest, and thorough.","Give students 60 seconds to use ""scrupulous"" in an original sentence that shows it means ""careful, honest, and thorough""."
2026-09-23,Crisp,adjective,CRISP,easy,pleasantly firm and fresh,Crisp is a adjective meaning pleasantly firm and fresh. Use it when that meaning is exactly what you need in writing or speech.,"She chose the word ""Crisp"" because she meant pleasantly firm and fresh.",Remember Crisp: it means pleasantly firm and fresh.,"What does ""Crisp"" mean?",Pleasantly firm and fresh.,"Give students 60 seconds to use ""Crisp"" in an original sentence that shows it means ""pleasantly firm and fresh""."
2026-09-24,Secular,adjective,sec-u-LAR,medium,not related to religion,Secular is a adjective meaning not related to religion. Use it when that meaning is exactly what you need in writing or speech.,Public schools teach a secular curriculum.,from saecularis — worldly,"What does ""secular"" mean?",Not related to religion.,"Give students 60 seconds to use ""secular"" in an original sentence that shows it means ""not related to religion""."
2026-09-25,Ephemeral,adjective,e-phem-er-AL,hard,lasting only a short time,Ephemeral is a adjective meaning lasting only a short time. Use it when that meaning is exactly what you need in writing or speech.,"Fame can be ephemeral, gone before the next news cycle.",from epi + hemera — upon a day,"What does ""ephemeral"" mean?",Lasting only a short time.,"Give students 60 seconds to use ""ephemeral"" in an original sentence that shows it means ""lasting only a short time""."
2026-09-26,Serendipity,noun,ser-en-dip-i-TY,medium,good luck in finding things by chance,Serendipity is a noun meaning good luck in finding things by chance. Use it when that meaning is exactly what you need in writing or speech.,"By serendipity, they met again on the same flight.",coined 1754 by Horace Walpole,"What does ""serendipity"" mean?",Good luck in finding things by chance.,"Give students 60 seconds to use ""serendipity"" in an original sentence that shows it means ""good luck in finding things by chance""."
2026-09-27,Dearly,adverb,DEARLY,easy,very much; at great cost,Dearly is a adverb meaning very much; at great cost. Use it when that meaning is exactly what you need in writing or speech.,"She chose the word ""Dearly"" because she meant very much; at great cost.",Remember Dearly: it means very much; at great cost.,"What does ""Dearly"" mean?",Very much; at great cost.,"Give students 60 seconds to use ""Dearly"" in an original sentence that shows it means ""very much; at great cost""."
2026-09-28,Dense,adjective,DENSE,easy,closely compacted in substance; hard to see through,Dense is a adjective meaning closely compacted in substance; hard to see through. Use it when that meaning is exactly what you need in writing or speech.,"She chose the word ""Dense"" because she meant closely compacted in substance; hard to see through.",Remember Dense: it means closely compacted in substance; hard to see through.,"What does ""Dense"" mean?",Closely compacted in substance; hard to see through.,"Give students 60 seconds to use ""Dense"" in an original sentence that shows it means ""closely compacted in substance; hard to see through""."
2026-09-29,Slander,noun,slan-DER,medium,a false spoken statement that harms reputation,Slander is a noun meaning a false spoken statement that harms reputation. Use it when that meaning is exactly what you need in writing or speech.,He filed suit over what he called slander.,from esclandre — scandal,"What does ""slander"" mean?",A false spoken statement that harms reputation.,"Give students 60 seconds to use ""slander"" in an original sentence that shows it means ""a false spoken statement that harms reputation""."
2026-09-30,Solace,noun,sol-ACE,medium,comfort in times of sadness,Solace is a noun meaning comfort in times of sadness. Use it when that meaning is exactly what you need in writing or speech.,She found solace in long walks after the loss.,from solari — to console,"What does ""solace"" mean?",Comfort in times of sadness.,"Give students 60 seconds to use ""solace"" in an original sentence that shows it means ""comfort in times of sadness""."
2026-10-01,Equanimity,noun,e-qua-nim-i-TY,hard,calmness in difficult situations,Equanimity is a noun meaning calmness in difficult situations. Use it when that meaning is exactly what you need in writing or speech.,She handled the bad news with surprising equanimity.,from aequus + animus — even mind,"What does ""equanimity"" mean?",Calmness in difficult situations.,"Give students 60 seconds to use ""equanimity"" in an original sentence that shows it means ""calmness in difficult situations""."
2026-10-02,Somber,adjective,som-BER,medium,dark and serious,Somber is a adjective meaning dark and serious. Use it when that meaning is exactly what you need in writing or speech.,The mood at the memorial was somber but warm.,from sombre — dark,"What does ""somber"" mean?",Dark and serious.,"Give students 60 seconds to use ""somber"" in an original sentence that shows it means ""dark and serious""."
2026-10-03,Eager,adjective,EAGER,easy,wanting to do something very much,Eager is a adjective meaning wanting to do something very much. Use it when that meaning is exactly what you need in writing or speech.,"She chose the word ""Eager"" because she meant wanting to do something very much.",Remember Eager: it means wanting to do something very much.,"What does ""Eager"" mean?",Wanting to do something very much.,"Give students 60 seconds to use ""Eager"" in an original sentence that shows it means ""wanting to do something very much""."
2026-10-04,Sporadic,adjective,spo-rad-IC,medium,happening occasionally and irregularly,Sporadic is a adjective meaning happening occasionally and irregularly. Use it when that meaning is exactly what you need in writing or speech.,Sporadic rain delayed the construction project.,from sporadikos — scattered,"What does ""sporadic"" mean?",Happening occasionally and irregularly.,"Give students 60 seconds to use ""sporadic"" in an original sentence that shows it means ""happening occasionally and irregularly""."
2026-10-05,Equivocal,adjective,e-quiv-o-CAL,hard,open to more than one meaning; unclear,Equivocal is a adjective meaning open to more than one meaning; unclear. Use it when that meaning is exactly what you need in writing or speech.,His equivocal answer satisfied neither side.,from aequus + vocare — equal voice,"What does ""equivocal"" mean?",Open to more than one meaning; unclear.,"Give students 60 seconds to use ""equivocal"" in an original sentence that shows it means ""open to more than one meaning; unclear""."
2026-10-06,Squander,verb,squan-DER,medium,to waste foolishly,Squander is a verb meaning to waste foolishly. Use it when that meaning is exactly what you need in writing or speech.,He managed to squander his savings in just six months.,"origin uncertain, 16th-century English","What does ""squander"" mean?",To waste foolishly.,"Give students 60 seconds to use ""squander"" in an original sentence that shows it means ""to waste foolishly""."
2026-10-07,Entire,adjective,ENTIRE,easy,with no part left out; whole,Entire is a adjective meaning with no part left out; whole. Use it when that meaning is exactly what you need in writing or speech.,"She chose the word ""Entire"" because she meant with no part left out; whole.",Remember Entire: it means with no part left out; whole.,"What does ""Entire"" mean?",With no part left out; whole.,"Give students 60 seconds to use ""Entire"" in an original sentence that shows it means ""with no part left out; whole""."
2026-10-08,Exact,adjective,EXACT,easy,not approximated in any way; precise,Exact is a adjective meaning not approximated in any way; precise. Use it when that meaning is exactly what you need in writing or speech.,"She chose the word ""Exact"" because she meant not approximated in any way; precise.",Remember Exact: it means not approximated in any way; precise.,"What does ""Exact"" mean?",Not approximated in any way; precise.,"Give students 60 seconds to use ""Exact"" in an original sentence that shows it means ""not approximated in any way; precise""."
2026-10-09,Stoic,adjective,sto-IC,medium,showing no emotion in the face of pain,Stoic is a adjective meaning showing no emotion in the face of pain. Use it when that meaning is exactly what you need in writing or speech.,"He was stoic during the long, difficult treatment.",from Stoa Poikile — painted porch,"What does ""stoic"" mean?",Showing no emotion in the face of pain.,"Give students 60 seconds to use ""stoic"" in an original sentence that shows it means ""showing no emotion in the face of pain""."
2026-10-10,Sublime,adjective,sub-LIME,medium,of great excellence or beauty,Sublime is a adjective meaning of great excellence or beauty. Use it when that meaning is exactly what you need in writing or speech.,The view from the cliff was sublime at sunset.,from sublimis — lofty,"What does ""sublime"" mean?",Of great excellence or beauty.,"Give students 60 seconds to use ""sublime"" in an original sentence that shows it means ""of great excellence or beauty""."
2026-10-11,Erudite,adjective,er-u-DITE,hard,having or showing wide knowledge,Erudite is a adjective meaning having or showing wide knowledge. Use it when that meaning is exactly what you need in writing or speech.,The erudite professor cited four languages in one paragraph.,from erudire — to instruct,"What does ""erudite"" mean?",Having or showing wide knowledge.,"Give students 60 seconds to use ""erudite"" in an original sentence that shows it means ""having or showing wide knowledge""."
2026-10-12,Substantiate,verb,sub-stan-ti-ATE,medium,to provide evidence to support a claim,Substantiate is a verb meaning to provide evidence to support a claim. Use it when that meaning is exactly what you need in writing or speech.,He could not substantiate the dramatic figures he cited.,from substantia — substance,"What does ""substantiate"" mean?",To provide evidence to support a claim.,"Give students 60 seconds to use ""substantiate"" in an original sentence that shows it means ""to provide evidence to support a claim""."
2026-10-13,Faint,adjective,FAINT,easy,barely perceptible; weak and dizzy,Faint is a adjective meaning barely perceptible; weak and dizzy. Use it when that meaning is exactly what you need in writing or speech.,"She chose the word ""Faint"" because she meant barely perceptible; weak and dizzy.",Remember Faint: it means barely perceptible; weak and dizzy.,"What does ""Faint"" mean?",Barely perceptible; weak and dizzy.,"Give students 60 seconds to use ""Faint"" in an original sentence that shows it means ""barely perceptible; weak and dizzy""."
2026-10-14,Succinct,adjective,suc-CINCT,medium,brief and clearly expressed,Succinct is a adjective meaning brief and clearly expressed. Use it when that meaning is exactly what you need in writing or speech.,Her succinct answer impressed the panel.,from succingere — to gird up,"What does ""succinct"" mean?",Brief and clearly expressed.,"Give students 60 seconds to use ""succinct"" in an original sentence that shows it means ""brief and clearly expressed""."
2026-10-15,Esoteric,adjective,es-o-ter-IC,hard,understood by only a few with special knowledge,Esoteric is a adjective meaning understood by only a few with special knowledge. Use it when that meaning is exactly what you need in writing or speech.,The lecture focused on the esoteric details of medieval law.,from esoterikos — inner,"What does ""esoteric"" mean?",Understood by only a few with special knowledge.,"Give students 60 seconds to use ""esoteric"" in an original sentence that shows it means ""understood by only a few with special knowledge""."
2026-10-16,Terse,adjective,TERSE,medium,"short and to the point, sometimes rudely","Terse is a adjective meaning short and to the point, sometimes rudely. Use it when that meaning is exactly what you need in writing or speech.",He gave a terse reply and left the room.,from tersus — wiped off,"What does ""terse"" mean?","Short and to the point, sometimes rudely.","Give students 60 seconds to use ""terse"" in an original sentence that shows it means ""short and to the point, sometimes rudely""."
2026-10-17,Firmly,adverb,FIRMLY,easy,with resolute determination,Firmly is a adverb meaning with resolute determination. Use it when that meaning is exactly what you need in writing or speech.,"She chose the word ""Firmly"" because she meant with resolute determination.",Remember Firmly: it means with resolute determination.,"What does ""Firmly"" mean?",With resolute determination.,"Give students 60 seconds to use ""Firmly"" in an original sentence that shows it means ""with resolute determination""."
2026-10-18,Gentle,adjective,GENTLE,easy,mild in temperament or behaviour; kind and tender,Gentle is a adjective meaning mild in temperament or behaviour; kind and tender. Use it when that meaning is exactly what you need in writing or speech.,"She chose the word ""Gentle"" because she meant mild in temperament or behaviour; kind and tender.",Remember Gentle: it means mild in temperament or behaviour; kind and tender.,"What does ""Gentle"" mean?",Mild in temperament or behaviour; kind and tender.,"Give students 60 seconds to use ""Gentle"" in an original sentence that shows it means ""mild in temperament or behaviour; kind and tender""."
2026-10-19,Tirade,noun,ti-RADE,medium,"a long, angry speech","Tirade is a noun meaning a long, angry speech. Use it when that meaning is exactly what you need in writing or speech.",The coach launched into a tirade after the loss.,from tirer — to draw out,"What does ""tirade"" mean?","A long, angry speech.","Give students 60 seconds to use ""tirade"" in an original sentence that shows it means ""a long, angry speech""."
2026-10-20,Transient,adjective,tran-SIENT,medium,lasting only a short time,Transient is a adjective meaning lasting only a short time. Use it when that meaning is exactly what you need in writing or speech.,Fame in pop music can be transient.,from transire — to go across,"What does ""transient"" mean?",Lasting only a short time.,"Give students 60 seconds to use ""transient"" in an original sentence that shows it means ""lasting only a short time""."
2026-10-21,Evanescent,adjective,ev-a-nes-CENT,hard,fading quickly from sight or memory,Evanescent is a adjective meaning fading quickly from sight or memory. Use it when that meaning is exactly what you need in writing or speech.,"The mist was evanescent, gone before they could photograph it.",from evanescere — to vanish,"What does ""evanescent"" mean?",Fading quickly from sight or memory.,"Give students 60 seconds to use ""evanescent"" in an original sentence that shows it means ""fading quickly from sight or memory""."
2026-10-22,Trite,adjective,TRITE,medium,overused and lacking originality,Trite is a adjective meaning overused and lacking originality. Use it when that meaning is exactly what you need in writing or speech.,The ending of the film was trite and predictable.,from tritus — worn,"What does ""trite"" mean?",Overused and lacking originality.,"Give students 60 seconds to use ""trite"" in an original sentence that shows it means ""overused and lacking originality""."
2026-10-23,Gently,adverb,GENTLY,easy,in a mild or kind manner,Gently is a adverb meaning in a mild or kind manner. Use it when that meaning is exactly what you need in writing or speech.,"She chose the word ""Gently"" because she meant in a mild or kind manner.",Remember Gently: it means in a mild or kind manner.,"What does ""Gently"" mean?",In a mild or kind manner.,"Give students 60 seconds to use ""Gently"" in an original sentence that shows it means ""in a mild or kind manner""."
2026-10-24,Turbulent,adjective,tur-bu-LENT,medium,full of disorder or unrest,Turbulent is a adjective meaning full of disorder or unrest. Use it when that meaning is exactly what you need in writing or speech.,The flight hit a turbulent patch over the mountains.,from turbulentus — restless,"What does ""turbulent"" mean?",Full of disorder or unrest.,"Give students 60 seconds to use ""turbulent"" in an original sentence that shows it means ""full of disorder or unrest""."
2026-10-25,Exonerate,verb,ex-on-er-ATE,hard,to clear someone of blame,Exonerate is a verb meaning to clear someone of blame. Use it when that meaning is exactly what you need in writing or speech.,New evidence helped exonerate the wrongly convicted man.,from exonerare — to unburden,"What does ""exonerate"" mean?",To clear someone of blame.,"Give students 60 seconds to use ""exonerate"" in an original sentence that shows it means ""to clear someone of blame""."
2026-10-26,Unequivocal,adjective,un-e-quiv-o-CAL,medium,leaving no doubt,Unequivocal is a adjective meaning leaving no doubt. Use it when that meaning is exactly what you need in writing or speech.,She gave an unequivocal yes to the proposal.,from un- + aequivocus — not ambiguous,"What does ""unequivocal"" mean?",Leaving no doubt.,"Give students 60 seconds to use ""unequivocal"" in an original sentence that shows it means ""leaving no doubt""."
2026-10-27,Giant,adjective,GIANT,easy,of very great size or force; gigantic,Giant is a adjective meaning of very great size or force; gigantic. Use it when that meaning is exactly what you need in writing or speech.,"She chose the word ""Giant"" because she meant of very great size or force; gigantic.",Remember Giant: it means of very great size or force; gigantic.,"What does ""Giant"" mean?",Of very great size or force; gigantic.,"Give students 60 seconds to use ""Giant"" in an original sentence that shows it means ""of very great size or force; gigantic""."
2026-10-28,Grand,adjective,GRAND,easy,magnificent and imposing in appearance; splendid,Grand is a adjective meaning magnificent and imposing in appearance; splendid. Use it when that meaning is exactly what you need in writing or speech.,"She chose the word ""Grand"" because she meant magnificent and imposing in appearance; splendid.",Remember Grand: it means magnificent and imposing in appearance; splendid.,"What does ""Grand"" mean?",Magnificent and imposing in appearance; splendid.,"Give students 60 seconds to use ""Grand"" in an original sentence that shows it means ""magnificent and imposing in appearance; splendid""."
2026-10-29,Unfettered,adjective,un-fet-TERED,medium,not restricted or controlled,Unfettered is a adjective meaning not restricted or controlled. Use it when that meaning is exactly what you need in writing or speech.,The artist enjoyed unfettered creative freedom.,from un- + fetter — chain,"What does ""unfettered"" mean?",Not restricted or controlled.,"Give students 60 seconds to use ""unfettered"" in an original sentence that shows it means ""not restricted or controlled""."
2026-10-30,Unscrupulous,adjective,un-scru-pu-LOUS,medium,without moral principles,Unscrupulous is a adjective meaning without moral principles. Use it when that meaning is exactly what you need in writing or speech.,The unscrupulous broker lied to clients for years.,from un- + scrupulus — without scruple,"What does ""unscrupulous"" mean?",Without moral principles.,"Give students 60 seconds to use ""unscrupulous"" in an original sentence that shows it means ""without moral principles""."
2026-10-31,Facetious,adjective,fa-ce-TIOUS,hard,joking inappropriately about serious matters,Facetious is a adjective meaning joking inappropriately about serious matters. Use it when that meaning is exactly what you need in writing or speech.,His facetious remark during the funeral upset relatives.,from facetie — witty saying,"What does ""facetious"" mean?",Joking inappropriately about serious matters.,"Give students 60 seconds to use ""facetious"" in an original sentence that shows it means ""joking inappropriately about serious matters""."
2026-11-01,Vehement,adjective,ve-he-MENT,medium,"showing strong, passionate feeling","Vehement is a adjective meaning showing strong, passionate feeling. Use it when that meaning is exactly what you need in writing or speech.",He made a vehement denial of the charges.,from vehemens — eager,"What does ""vehement"" mean?","Showing strong, passionate feeling.","Give students 60 seconds to use ""vehement"" in an original sentence that shows it means ""showing strong, passionate feeling""."
2026-11-02,Hastily,adverb,HASTILY,easy,with excessive speed or urgency,Hastily is a adverb meaning with excessive speed or urgency. Use it when that meaning is exactly what you need in writing or speech.,"She chose the word ""Hastily"" because she meant with excessive speed or urgency.",Remember Hastily: it means with excessive speed or urgency.,"What does ""Hastily"" mean?",With excessive speed or urgency.,"Give students 60 seconds to use ""Hastily"" in an original sentence that shows it means ""with excessive speed or urgency""."
2026-11-03,Venerable,adjective,ven-er-a-BLE,medium,worthy of deep respect because of age or wisdom,Venerable is a adjective meaning worthy of deep respect because of age or wisdom. Use it when that meaning is exactly what you need in writing or speech.,The venerable judge had served for thirty years.,from venerari — to revere,"What does ""venerable"" mean?",Worthy of deep respect because of age or wisdom.,"Give students 60 seconds to use ""venerable"" in an original sentence that shows it means ""worthy of deep respect because of age or wisdom""."
2026-11-04,Facile,adjective,fac-ILE,hard,"too simple, ignoring real complexity","Facile is a adjective meaning too simple, ignoring real complexity. Use it when that meaning is exactly what you need in writing or speech.",His facile solution ignored the city's real budget problems.,from facilis — easy,"What does ""facile"" mean?","Too simple, ignoring real complexity.","Give students 60 seconds to use ""facile"" in an original sentence that shows it means ""too simple, ignoring real complexity""."
2026-11-05,Verbose,adjective,ver-BOSE,medium,using too many words,Verbose is a adjective meaning using too many words. Use it when that meaning is exactly what you need in writing or speech.,His verbose emails buried the key request.,from verbum — word,"What does ""verbose"" mean?",Using too many words.,"Give students 60 seconds to use ""verbose"" in an original sentence that shows it means ""using too many words""."
2026-11-06,Jolly,adjective,JOLLY,easy,cheerful and friendly; merry,Jolly is a adjective meaning cheerful and friendly; merry. Use it when that meaning is exactly what you need in writing or speech.,"She chose the word ""Jolly"" because she meant cheerful and friendly; merry.",Remember Jolly: it means cheerful and friendly; merry.,"What does ""Jolly"" mean?",Cheerful and friendly; merry.,"Give students 60 seconds to use ""Jolly"" in an original sentence that shows it means ""cheerful and friendly; merry""."
2026-11-07,Joyfully,adverb,JOYFULLY,easy,in a way that expresses great happiness,Joyfully is a adverb meaning in a way that expresses great happiness. Use it when that meaning is exactly what you need in writing or speech.,"She chose the word ""Joyfully"" because she meant in a way that expresses great happiness.",Remember Joyfully: it means in a way that expresses great happiness.,"What does ""Joyfully"" mean?",In a way that expresses great happiness.,"Give students 60 seconds to use ""Joyfully"" in an original sentence that shows it means ""in a way that expresses great happiness""."
2026-11-08,Vicarious,adjective,vi-car-i-OUS,medium,experienced through someone else,Vicarious is a adjective meaning experienced through someone else. Use it when that meaning is exactly what you need in writing or speech.,She got vicarious thrills from adventure books.,from vicarius — substitute,"What does ""vicarious"" mean?",Experienced through someone else.,"Give students 60 seconds to use ""vicarious"" in an original sentence that shows it means ""experienced through someone else""."
2026-11-09,Vindicate,verb,vin-di-CATE,medium,to clear of blame; to prove right,Vindicate is a verb meaning to clear of blame; to prove right. Use it when that meaning is exactly what you need in writing or speech.,New evidence helped vindicate her early warning.,from vindicare — to claim,"What does ""vindicate"" mean?",To clear of blame; to prove right.,"Give students 60 seconds to use ""vindicate"" in an original sentence that shows it means ""to clear of blame; to prove right""."
2026-11-10,Fallacious,adjective,fal-la-CIOUS,hard,based on a mistaken belief,Fallacious is a adjective meaning based on a mistaken belief. Use it when that meaning is exactly what you need in writing or speech.,The argument was fallacious because it confused cause and effect.,from fallacia — deceit,"What does ""fallacious"" mean?",Based on a mistaken belief.,"Give students 60 seconds to use ""fallacious"" in an original sentence that shows it means ""based on a mistaken belief""."
2026-11-11,Vindictive,adjective,vin-dic-TIVE,medium,wanting revenge,Vindictive is a adjective meaning wanting revenge. Use it when that meaning is exactly what you need in writing or speech.,His vindictive response surprised even his allies.,from vindicta — vengeance,"What does ""vindictive"" mean?",Wanting revenge.,"Give students 60 seconds to use ""vindictive"" in an original sentence that shows it means ""wanting revenge""."
2026-11-12,Kneel,verb,KNEEL,easy,be in or assume a position in which the body is supported by a knee,Kneel is a verb meaning be in or assume a position in which the body is supported by a knee. Use it when that meaning is exactly what you need in writing or speech.,"She chose the word ""Kneel"" because she meant be in or assume a position in which the body is supported by a knee.",Remember Kneel: it means be in or assume a position in which the body is supported by a knee.,"What does ""Kneel"" mean?",Be in or assume a position in which the body is supported by a knee.,"Give students 60 seconds to use ""Kneel"" in an original sentence that shows it means ""be in or assume a position in which the body is supported by a knee""."
2026-11-13,Virtuoso,noun,vir-tu-o-SO,medium,a person highly skilled at something,Virtuoso is a noun meaning a person highly skilled at something. Use it when that meaning is exactly what you need in writing or speech.,She is a violin virtuoso adored by critics.,from Italian virtuoso — skilled,"What does ""virtuoso"" mean?",A person highly skilled at something.,"Give students 60 seconds to use ""virtuoso"" in an original sentence that shows it means ""a person highly skilled at something""."
2026-11-14,Fastidious,adjective,fas-tid-i-OUS,hard,very attentive to detail and cleanliness,Fastidious is a adjective meaning very attentive to detail and cleanliness. Use it when that meaning is exactly what you need in writing or speech.,The fastidious chef refused to plate a single uneven slice.,from fastidium — loathing,"What does ""fastidious"" mean?",Very attentive to detail and cleanliness.,"Give students 60 seconds to use ""fastidious"" in an original sentence that shows it means ""very attentive to detail and cleanliness""."
2026-11-15,Vivacious,adjective,vi-va-CIOUS,medium,lively and full of spirit,Vivacious is a adjective meaning lively and full of spirit. Use it when that meaning is exactly what you need in writing or speech.,The vivacious host kept the show energetic.,from vivax — lively,"What does ""vivacious"" mean?",Lively and full of spirit.,"Give students 60 seconds to use ""vivacious"" in an original sentence that shows it means ""lively and full of spirit""."
2026-11-16,Legal,adjective,LEGAL,easy,allowed by official rules,Legal is a adjective meaning allowed by official rules. Use it when that meaning is exactly what you need in writing or speech.,"She chose the word ""Legal"" because she meant allowed by official rules.",Remember Legal: it means allowed by official rules.,"What does ""Legal"" mean?",Allowed by official rules.,"Give students 60 seconds to use ""Legal"" in an original sentence that shows it means ""allowed by official rules""."
2026-11-17,Lightly,adverb,LIGHTLY,easy,with a gentle touch; to a small degree,Lightly is a adverb meaning with a gentle touch; to a small degree. Use it when that meaning is exactly what you need in writing or speech.,"She chose the word ""Lightly"" because she meant with a gentle touch; to a small degree.",Remember Lightly: it means with a gentle touch; to a small degree.,"What does ""Lightly"" mean?",With a gentle touch; to a small degree.,"Give students 60 seconds to use ""Lightly"" in an original sentence that shows it means ""with a gentle touch; to a small degree""."
2026-11-18,Volatile,adjective,vol-a-TILE,medium,likely to change suddenly,Volatile is a adjective meaning likely to change suddenly. Use it when that meaning is exactly what you need in writing or speech.,Stock prices were volatile after the news broke.,from volare — to fly,"What does ""volatile"" mean?",Likely to change suddenly.,"Give students 60 seconds to use ""volatile"" in an original sentence that shows it means ""likely to change suddenly""."
2026-11-19,Voluminous,adjective,vo-lu-mi-NOUS,medium,of great size or quantity,Voluminous is a adjective meaning of great size or quantity. Use it when that meaning is exactly what you need in writing or speech.,He produced voluminous notes for every case.,from voluminis — roll,"What does ""voluminous"" mean?",Of great size or quantity.,"Give students 60 seconds to use ""voluminous"" in an original sentence that shows it means ""of great size or quantity""."
2026-11-20,Florid,adjective,flor-ID,hard,overly fancy or elaborate,Florid is a adjective meaning overly fancy or elaborate. Use it when that meaning is exactly what you need in writing or speech.,His florid writing style buried the main point.,from floridus — flowery,"What does ""florid"" mean?",Overly fancy or elaborate.,"Give students 60 seconds to use ""florid"" in an original sentence that shows it means ""overly fancy or elaborate""."
2026-11-21,Voracious,adjective,vo-ra-CIOUS,medium,"wanting large amounts, especially of food or books","Voracious is a adjective meaning wanting large amounts, especially of food or books. Use it when that meaning is exactly what you need in writing or speech.","A voracious reader, she finished three novels a week.",from vorare — to devour,"What does ""voracious"" mean?","Wanting large amounts, especially of food or books.","Give students 60 seconds to use ""voracious"" in an original sentence that shows it means ""wanting large amounts, especially of food or books""."
2026-11-22,Likely,adjective,LIKELY,easy,within the realm of credibility,Likely is a adjective meaning within the realm of credibility. Use it when that meaning is exactly what you need in writing or speech.,"She chose the word ""Likely"" because she meant within the realm of credibility.",Remember Likely: it means within the realm of credibility.,"What does ""Likely"" mean?",Within the realm of credibility.,"Give students 60 seconds to use ""Likely"" in an original sentence that shows it means ""within the realm of credibility""."
2026-11-23,Whimsical,adjective,whim-si-CAL,medium,playfully unusual or fanciful,Whimsical is a adjective meaning playfully unusual or fanciful. Use it when that meaning is exactly what you need in writing or speech.,The garden had whimsical statues of dancing animals.,from whim — sudden fancy,"What does ""whimsical"" mean?",Playfully unusual or fanciful.,"Give students 60 seconds to use ""whimsical"" in an original sentence that shows it means ""playfully unusual or fanciful""."
2026-11-24,Flout,verb,FLOUT,hard,to openly disregard a rule,Flout is a verb meaning to openly disregard a rule. Use it when that meaning is exactly what you need in writing or speech.,Drivers continue to flout speed limits in school zones.,"likely from Middle English flouten — to play the flute, mock","What does ""flout"" mean?",To openly disregard a rule.,"Give students 60 seconds to use ""flout"" in an original sentence that shows it means ""to openly disregard a rule""."
2026-11-25,Wistful,adjective,wist-FUL,medium,feeling gentle longing for something past,Wistful is a adjective meaning feeling gentle longing for something past. Use it when that meaning is exactly what you need in writing or speech.,She had a wistful smile while flipping through old photos.,from Middle English wisty — silent,"What does ""wistful"" mean?",Feeling gentle longing for something past.,"Give students 60 seconds to use ""wistful"" in an original sentence that shows it means ""feeling gentle longing for something past""."
2026-11-26,Loudly,adverb,LOUDLY,easy,with a great deal of noise,Loudly is a adverb meaning with a great deal of noise. Use it when that meaning is exactly what you need in writing or speech.,"She chose the word ""Loudly"" because she meant with a great deal of noise.",Remember Loudly: it means with a great deal of noise.,"What does ""Loudly"" mean?",With a great deal of noise.,"Give students 60 seconds to use ""Loudly"" in an original sentence that shows it means ""with a great deal of noise""."
2026-11-27,Merry,adjective,MERRY,easy,cheerful and lively; full of gaiety,Merry is a adjective meaning cheerful and lively; full of gaiety. Use it when that meaning is exactly what you need in writing or speech.,"She chose the word ""Merry"" because she meant cheerful and lively; full of gaiety.",Remember Merry: it means cheerful and lively; full of gaiety.,"What does ""Merry"" mean?",Cheerful and lively; full of gaiety.,"Give students 60 seconds to use ""Merry"" in an original sentence that shows it means ""cheerful and lively; full of gaiety""."
2026-11-28,Xenophobia,noun,xen-o-pho-bi-A,medium,fear or dislike of people from other countries,Xenophobia is a noun meaning fear or dislike of people from other countries. Use it when that meaning is exactly what you need in writing or speech.,The campaign sought to push back against xenophobia.,from xenos + phobos — stranger fear,"What does ""xenophobia"" mean?",Fear or dislike of people from other countries.,"Give students 60 seconds to use ""xenophobia"" in an original sentence that shows it means ""fear or dislike of people from other countries""."
2026-11-29,Yoke,noun,YOKE,medium,a heavy burden or form of control,Yoke is a noun meaning a heavy burden or form of control. Use it when that meaning is exactly what you need in writing or speech.,They threw off the yoke of unfair labor practices.,from Old English geoc — wooden frame,"What does ""yoke"" mean?",A heavy burden or form of control.,"Give students 60 seconds to use ""yoke"" in an original sentence that shows it means ""a heavy burden or form of control""."
2026-11-30,Forbearance,noun,for-bear-ANCE,hard,patient self-control in the face of provocation,Forbearance is a noun meaning patient self-control in the face of provocation. Use it when that meaning is exactly what you need in writing or speech.,He showed remarkable forbearance with the rude customers.,from forbear — to hold back,"What does ""forbearance"" mean?",Patient self-control in the face of provocation.,"Give students 60 seconds to use ""forbearance"" in an original sentence that shows it means ""patient self-control in the face of provocation""."
2026-12-01,Zenith,noun,ze-NITH,medium,the highest point or peak,Zenith is a noun meaning the highest point or peak. Use it when that meaning is exactly what you need in writing or speech.,The band reached its zenith in the late 1990s.,from Arabic samt — path,"What does ""zenith"" mean?",The highest point or peak.,"Give students 60 seconds to use ""zenith"" in an original sentence that shows it means ""the highest point or peak""."
2026-12-02,Modern,adjective,MODERN,easy,of or relating to the present or recent times,Modern is a adjective meaning of or relating to the present or recent times. Use it when that meaning is exactly what you need in writing or speech.,"She chose the word ""Modern"" because she meant of or relating to the present or recent times.",Remember Modern: it means of or relating to the present or recent times.,"What does ""Modern"" mean?",Of or relating to the present or recent times.,"Give students 60 seconds to use ""Modern"" in an original sentence that shows it means ""of or relating to the present or recent times""."
2026-12-03,Abolish,verb,ABOLISH,medium,"formally put an end to a system, practice, or institution","Abolish is a verb meaning formally put an end to a system, practice, or institution. Use it when that meaning is exactly what you need in writing or speech.","She chose the word ""Abolish"" because she meant formally put an end to a system, practice, or institution.","Remember Abolish: it means formally put an end to a system, practice, or institution.","What does ""Abolish"" mean?","Formally put an end to a system, practice, or institution.","Give students 60 seconds to use ""Abolish"" in an original sentence that shows it means ""formally put an end to a system, practice, or institution""."
2026-12-04,Fortuitous,adjective,for-tu-i-TOUS,hard,"happening by chance, often luckily","Fortuitous is a adjective meaning happening by chance, often luckily. Use it when that meaning is exactly what you need in writing or speech.",Their meeting at the cafe was completely fortuitous.,from fortuitus — by chance,"What does ""fortuitous"" mean?","Happening by chance, often luckily.","Give students 60 seconds to use ""fortuitous"" in an original sentence that shows it means ""happening by chance, often luckily""."
2026-12-05,Abrupt,adjective,ABRUPT,medium,sudden and unexpected; brief to the point of rudeness,Abrupt is a adjective meaning sudden and unexpected; brief to the point of rudeness. Use it when that meaning is exactly what you need in writing or speech.,"She chose the word ""Abrupt"" because she meant sudden and unexpected; brief to the point of rudeness.",Remember Abrupt: it means sudden and unexpected; brief to the point of rudeness.,"What does ""Abrupt"" mean?",Sudden and unexpected; brief to the point of rudeness.,"Give students 60 seconds to use ""Abrupt"" in an original sentence that shows it means ""sudden and unexpected; brief to the point of rudeness""."
2026-12-06,Naive,adjective,NAIVE,easy,"showing a lack of experience, wisdom, or judgement","Naive is a adjective meaning showing a lack of experience, wisdom, or judgement. Use it when that meaning is exactly what you need in writing or speech.","She chose the word ""Naive"" because she meant showing a lack of experience, wisdom, or judgement.","Remember Naive: it means showing a lack of experience, wisdom, or judgement.","What does ""Naive"" mean?","Showing a lack of experience, wisdom, or judgement.","Give students 60 seconds to use ""Naive"" in an original sentence that shows it means ""showing a lack of experience, wisdom, or judgement""."
2026-12-07,Narrow,adjective,NARROW,easy,of small width in relation to length; limited in extent,Narrow is a adjective meaning of small width in relation to length; limited in extent. Use it when that meaning is exactly what you need in writing or speech.,"She chose the word ""Narrow"" because she meant of small width in relation to length; limited in extent.",Remember Narrow: it means of small width in relation to length; limited in extent.,"What does ""Narrow"" mean?",Of small width in relation to length; limited in extent.,"Give students 60 seconds to use ""Narrow"" in an original sentence that shows it means ""of small width in relation to length; limited in extent""."
2026-12-08,Absent,adjective,ABSENT,medium,lost in thought; showing preoccupation,Absent is a adjective meaning lost in thought; showing preoccupation. Use it when that meaning is exactly what you need in writing or speech.,"She chose the word ""Absent"" because she meant lost in thought; showing preoccupation.",Remember Absent: it means lost in thought; showing preoccupation.,"What does ""Absent"" mean?",Lost in thought; showing preoccupation.,"Give students 60 seconds to use ""Absent"" in an original sentence that shows it means ""lost in thought; showing preoccupation""."
2026-12-09,Absorb,verb,ABSORB,medium,take in and assimilate; engage the interest of fully,Absorb is a verb meaning take in and assimilate; engage the interest of fully. Use it when that meaning is exactly what you need in writing or speech.,"She chose the word ""Absorb"" because she meant take in and assimilate; engage the interest of fully.",Remember Absorb: it means take in and assimilate; engage the interest of fully.,"What does ""Absorb"" mean?",Take in and assimilate; engage the interest of fully.,"Give students 60 seconds to use ""Absorb"" in an original sentence that shows it means ""take in and assimilate; engage the interest of fully""."
2026-12-10,Furtive,adjective,fur-TIVE,hard,done in a secret and sneaky way,Furtive is a adjective meaning done in a secret and sneaky way. Use it when that meaning is exactly what you need in writing or speech.,He cast a furtive glance at the answer sheet.,from furtivus — stolen,"What does ""furtive"" mean?",Done in a secret and sneaky way.,"Give students 60 seconds to use ""furtive"" in an original sentence that shows it means ""done in a secret and sneaky way""."
2026-12-11,Abstract,adjective,ABSTRACT,medium,existing in thought but not having a physical existence,Abstract is a adjective meaning existing in thought but not having a physical existence. Use it when that meaning is exactly what you need in writing or speech.,"She chose the word ""Abstract"" because she meant existing in thought but not having a physical existence.",Remember Abstract: it means existing in thought but not having a physical existence.,"What does ""Abstract"" mean?",Existing in thought but not having a physical existence.,"Give students 60 seconds to use ""Abstract"" in an original sentence that shows it means ""existing in thought but not having a physical existence""."
2026-12-12,Needs,adverb,NEEDS,easy,in such a manner as could not be otherwise,Needs is a adverb meaning in such a manner as could not be otherwise. Use it when that meaning is exactly what you need in writing or speech.,"She chose the word ""Needs"" because she meant in such a manner as could not be otherwise.",Remember Needs: it means in such a manner as could not be otherwise.,"What does ""Needs"" mean?",In such a manner as could not be otherwise.,"Give students 60 seconds to use ""Needs"" in an original sentence that shows it means ""in such a manner as could not be otherwise""."
2026-12-13,Abundant,adjective,ABUNDANT,medium,present in great quantity,Abundant is a adjective meaning present in great quantity. Use it when that meaning is exactly what you need in writing or speech.,"She chose the word ""Abundant"" because she meant present in great quantity.",Remember Abundant: it means present in great quantity.,"What does ""Abundant"" mean?",Present in great quantity.,"Give students 60 seconds to use ""Abundant"" in an original sentence that shows it means ""present in great quantity""."
2026-12-14,Garrulous,adjective,gar-ru-LOUS,hard,"talking too much, especially about trivia","Garrulous is a adjective meaning talking too much, especially about trivia. Use it when that meaning is exactly what you need in writing or speech.",The garrulous neighbor delayed everyone leaving the elevator.,from garrire — to chatter,"What does ""garrulous"" mean?","Talking too much, especially about trivia.","Give students 60 seconds to use ""garrulous"" in an original sentence that shows it means ""talking too much, especially about trivia""."
2026-12-15,Accelerate,verb,ACCELERATE,medium,begin to move more quickly; increase the speed of,Accelerate is a verb meaning begin to move more quickly; increase the speed of. Use it when that meaning is exactly what you need in writing or speech.,"She chose the word ""Accelerate"" because she meant begin to move more quickly; increase the speed of.",Remember Accelerate: it means begin to move more quickly; increase the speed of.,"What does ""Accelerate"" mean?",Begin to move more quickly; increase the speed of.,"Give students 60 seconds to use ""Accelerate"" in an original sentence that shows it means ""begin to move more quickly; increase the speed of""."
2026-12-16,Normal,adjective,NORMAL,easy,"conforming to a standard; usual, typical, or expected","Normal is a adjective meaning conforming to a standard; usual, typical, or expected. Use it when that meaning is exactly what you need in writing or speech.","She chose the word ""Normal"" because she meant conforming to a standard; usual, typical, or expected.","Remember Normal: it means conforming to a standard; usual, typical, or expected.","What does ""Normal"" mean?","Conforming to a standard; usual, typical, or expected.","Give students 60 seconds to use ""Normal"" in an original sentence that shows it means ""conforming to a standard; usual, typical, or expected""."
2026-12-17,Nurture,verb,NURTURE,easy,care for and protect something while it is growing,Nurture is a verb meaning care for and protect something while it is growing. Use it when that meaning is exactly what you need in writing or speech.,"She chose the word ""Nurture"" because she meant care for and protect something while it is growing.",Remember Nurture: it means care for and protect something while it is growing.,"What does ""Nurture"" mean?",Care for and protect something while it is growing.,"Give students 60 seconds to use ""Nurture"" in an original sentence that shows it means ""care for and protect something while it is growing""."
2026-12-18,Accidentally,adverb,ACCIDENTALLY,medium,without advance planning,Accidentally is a adverb meaning without advance planning. Use it when that meaning is exactly what you need in writing or speech.,"She chose the word ""Accidentally"" because she meant without advance planning.",Remember Accidentally: it means without advance planning.,"What does ""Accidentally"" mean?",Without advance planning.,"Give students 60 seconds to use ""Accidentally"" in an original sentence that shows it means ""without advance planning""."
2026-12-19,Accommodate,verb,ACCOMMODATE,medium,"make fit for, or change to suit a new purpose","Accommodate is a verb meaning make fit for, or change to suit a new purpose. Use it when that meaning is exactly what you need in writing or speech.","She chose the word ""Accommodate"" because she meant make fit for, or change to suit a new purpose.","Remember Accommodate: it means make fit for, or change to suit a new purpose.","What does ""Accommodate"" mean?","Make fit for, or change to suit a new purpose.","Give students 60 seconds to use ""Accommodate"" in an original sentence that shows it means ""make fit for, or change to suit a new purpose""."
2026-12-20,Germane,adjective,ger-MANE,hard,relevant to the topic at hand,Germane is a adjective meaning relevant to the topic at hand. Use it when that meaning is exactly what you need in writing or speech.,Please keep your questions germane to the project.,from germain — having same parents,"What does ""germane"" mean?",Relevant to the topic at hand.,"Give students 60 seconds to use ""germane"" in an original sentence that shows it means ""relevant to the topic at hand""."
2026-12-21,Accountable,adjective,ACCOUNTABLE,medium,liable to account for one's actions,Accountable is a adjective meaning liable to account for one's actions. Use it when that meaning is exactly what you need in writing or speech.,"She chose the word ""Accountable"" because she meant liable to account for one's actions.",Remember Accountable: it means liable to account for one's actions.,"What does ""Accountable"" mean?",Liable to account for one's actions.,"Give students 60 seconds to use ""Accountable"" in an original sentence that shows it means ""liable to account for one's actions""."
2026-12-22,Openly,adverb,OPENLY,easy,without concealment or deception; frankly,Openly is a adverb meaning without concealment or deception; frankly. Use it when that meaning is exactly what you need in writing or speech.,"She chose the word ""Openly"" because she meant without concealment or deception; frankly.",Remember Openly: it means without concealment or deception; frankly.,"What does ""Openly"" mean?",Without concealment or deception; frankly.,"Give students 60 seconds to use ""Openly"" in an original sentence that shows it means ""without concealment or deception; frankly""."
2026-12-23,Accurate,adjective,ACCURATE,medium,correct in all details; free from error,Accurate is a adjective meaning correct in all details; free from error. Use it when that meaning is exactly what you need in writing or speech.,"She chose the word ""Accurate"" because she meant correct in all details; free from error.",Remember Accurate: it means correct in all details; free from error.,"What does ""Accurate"" mean?",Correct in all details; free from error.,"Give students 60 seconds to use ""Accurate"" in an original sentence that shows it means ""correct in all details; free from error""."
2026-12-24,Gratuitous,adjective,gra-tu-i-TOUS,hard,unnecessary or unjustified,Gratuitous is a adjective meaning unnecessary or unjustified. Use it when that meaning is exactly what you need in writing or speech.,The movie was criticized for its gratuitous violence.,from gratuitus — free,"What does ""gratuitous"" mean?",Unnecessary or unjustified.,"Give students 60 seconds to use ""gratuitous"" in an original sentence that shows it means ""unnecessary or unjustified""."
2026-12-25,Accuse,verb,ACCUSE,medium,bring an accusation against; level a charge against,Accuse is a verb meaning bring an accusation against; level a charge against. Use it when that meaning is exactly what you need in writing or speech.,"She chose the word ""Accuse"" because she meant bring an accusation against; level a charge against.",Remember Accuse: it means bring an accusation against; level a charge against.,"What does ""Accuse"" mean?",Bring an accusation against; level a charge against.,"Give students 60 seconds to use ""Accuse"" in an original sentence that shows it means ""bring an accusation against; level a charge against""."
2026-12-26,Popular,adjective,POPULAR,easy,new and of general appeal,Popular is a adjective meaning new and of general appeal. Use it when that meaning is exactly what you need in writing or speech.,"She chose the word ""Popular"" because she meant new and of general appeal.",Remember Popular: it means new and of general appeal.,"What does ""Popular"" mean?",New and of general appeal.,"Give students 60 seconds to use ""Popular"" in an original sentence that shows it means ""new and of general appeal""."
2026-12-27,Previous,adjective,PREVIOUS,easy,just preceding something else in time or order,Previous is a adjective meaning just preceding something else in time or order. Use it when that meaning is exactly what you need in writing or speech.,"She chose the word ""Previous"" because she meant just preceding something else in time or order.",Remember Previous: it means just preceding something else in time or order.,"What does ""Previous"" mean?",Just preceding something else in time or order.,"Give students 60 seconds to use ""Previous"" in an original sentence that shows it means ""just preceding something else in time or order""."
2026-12-28,Achieve,verb,ACHIEVE,medium,successfully bring about or reach a desired objective,Achieve is a verb meaning successfully bring about or reach a desired objective. Use it when that meaning is exactly what you need in writing or speech.,"She chose the word ""Achieve"" because she meant successfully bring about or reach a desired objective.",Remember Achieve: it means successfully bring about or reach a desired objective.,"What does ""Achieve"" mean?",Successfully bring about or reach a desired objective.,"Give students 60 seconds to use ""Achieve"" in an original sentence that shows it means ""successfully bring about or reach a desired objective""."
2026-12-29,Acknowledge,verb,ACKNOWLEDGE,medium,accept to be what is claimed or accept his power and authority,Acknowledge is a verb meaning accept to be what is claimed or accept his power and authority. Use it when that meaning is exactly what you need in writing or speech.,"She chose the word ""Acknowledge"" because she meant accept to be what is claimed or accept his power and authority.",Remember Acknowledge: it means accept to be what is claimed or accept his power and authority.,"What does ""Acknowledge"" mean?",Accept to be what is claimed or accept his power and authority.,"Give students 60 seconds to use ""Acknowledge"" in an original sentence that shows it means ""accept to be what is claimed or accept his power and authority""."
2026-12-30,Hackneyed,adjective,hack-NEYED,hard,overused and stale,Hackneyed is a adjective meaning overused and stale. Use it when that meaning is exactly what you need in writing or speech.,The script was full of hackneyed jokes.,from hackney — a common riding horse,"What does ""hackneyed"" mean?",Overused and stale.,"Give students 60 seconds to use ""hackneyed"" in an original sentence that shows it means ""overused and stale""."
2026-12-31,Acquire,verb,ACQUIRE,medium,come to have or undergo a change of,Acquire is a verb meaning come to have or undergo a change of. Use it when that meaning is exactly what you need in writing or speech.,"She chose the word ""Acquire"" because she meant come to have or undergo a change of.",Remember Acquire: it means come to have or undergo a change of.,"What does ""Acquire"" mean?",Come to have or undergo a change of.,"Give students 60 seconds to use ""Acquire"" in an original sentence that shows it means ""come to have or undergo a change of""."
